CaseId,PacketId,SourceId,DestinationId,ApplicationBytes,Dscp,GeneratedSeconds,BeforeOutcome,AfterOutcome,BeforeLatencySeconds,AfterLatencySeconds,BothDeliveredLatencyDeltaSeconds,BeforeDropReason,AfterDropReason
offered_load_x1_seed128,1,2,1,64,0,240.0,delivered,delivered,1.55395266666685,1.55395266666685,0.0,,
offered_load_x1_seed128,2,3,1,64,0,240.0,delivered,delivered,2.90149266666776,2.90149266666776,0.0,,
offered_load_x1_seed128,3,2,1,64,0,249.0,delivered,delivered,2.37749266667117,2.37749266667117,0.0,,
offered_load_x1_seed128,4,3,1,64,0,249.0,delivered,delivered,0.284492666670332,0.284492666670332,0.0,,
offered_load_x1_seed128,5,2,1,64,0,258.0,delivered,delivered,0.293492666669295,0.293492666669295,0.0,,
offered_load_x1_seed128,6,3,1,64,0,258.0,delivered,delivered,2.42549266666549,2.42549266666549,0.0,,
offered_load_x1_seed128,7,2,1,64,0,267.0,delivered,delivered,0.250492666653315,0.250492666653315,0.0,,
offered_load_x1_seed128,8,3,1,64,0,267.0,delivered,delivered,2.47349266664935,2.47349266664935,0.0,,
offered_load_x1_seed128,9,2,1,64,0,276.0,delivered,delivered,2.41749266663339,2.41749266663339,0.0,,
offered_load_x1_seed128,10,3,1,64,0,276.0,delivered,delivered,0.194492666637359,0.194492666637359,0.0,,
offered_load_x1_seed128,11,2,1,64,0,285.0,delivered,delivered,2.50449266661718,2.50449266661718,0.0,,
offered_load_x1_seed128,12,3,1,64,0,285.0,delivered,delivered,0.255492666621194,0.255492666621194,0.0,,
offered_load_x1_seed128,13,2,1,64,0,294.0,delivered,delivered,0.225492666605192,0.225492666605192,0.0,,
offered_load_x1_seed128,14,3,1,64,0,294.0,delivered,delivered,2.44849266660123,2.44849266660123,0.0,,
offered_load_x1_seed128,15,2,1,64,0,303.0,delivered,delivered,0.27349266658905,0.27349266658905,0.0,,
offered_load_x1_seed128,16,3,1,64,0,303.0,delivered,delivered,2.47049266658513,2.47049266658513,0.0,,
offered_load_x1_seed129,1,2,1,64,0,240.0,delivered,delivered,2.68049266666767,2.68049266666767,0.0,,
offered_load_x1_seed129,2,3,1,64,0,240.0,delivered,delivered,1.54095266666684,1.54095266666684,0.0,,
offered_load_x1_seed129,3,2,1,64,0,249.0,delivered,delivered,2.41649266667119,2.41649266667119,0.0,,
offered_load_x1_seed129,4,3,1,64,0,249.0,delivered,delivered,0.18049266667029,0.18049266667029,0.0,,
offered_load_x1_seed129,5,2,1,64,0,258.0,delivered,delivered,2.36049266666561,2.36049266666561,0.0,,
offered_load_x1_seed129,6,3,1,64,0,258.0,delivered,delivered,0.202492666669457,0.202492666669457,0.0,,
offered_load_x1_seed129,7,2,1,64,0,267.0,delivered,delivered,0.211492666653385,0.211492666653385,0.0,,
offered_load_x1_seed129,8,3,1,64,0,267.0,delivered,delivered,0.35449266665313,0.35449266665313,0.0,,
offered_load_x1_seed129,9,2,1,64,0,276.0,delivered,delivered,2.39149266663344,2.39149266663344,0.0,,
offered_load_x1_seed129,10,3,1,64,0,276.0,delivered,delivered,0.181492666637382,0.181492666637382,0.0,,
offered_load_x1_seed129,11,2,1,64,0,285.0,delivered,delivered,0.164492666621356,0.164492666621356,0.0,,
offered_load_x1_seed129,12,3,1,64,0,285.0,delivered,delivered,2.4394926666173,2.4394926666173,0.0,,
offered_load_x1_seed129,13,2,1,64,0,294.0,delivered,delivered,0.290492666605076,0.290492666605076,0.0,,
offered_load_x1_seed129,14,3,1,64,0,294.0,delivered,delivered,0.160492666605307,0.160492666605307,0.0,,
offered_load_x1_seed129,15,2,1,64,0,303.0,delivered,delivered,0.234492666589119,0.234492666589119,0.0,,
offered_load_x1_seed129,16,3,1,64,0,303.0,delivered,delivered,2.28849266658546,2.28849266658546,0.0,,
offered_load_x1_seed130,1,2,1,64,0,240.0,delivered,delivered,2.78449266666772,2.78449266666772,0.0,,
offered_load_x1_seed130,2,3,1,64,0,240.0,delivered,delivered,1.46295266666681,1.46295266666681,0.0,,
offered_load_x1_seed130,3,2,1,64,0,249.0,delivered,delivered,0.323492666670347,0.323492666670347,0.0,,
offered_load_x1_seed130,4,3,1,64,0,249.0,delivered,delivered,2.4424926666712,2.4424926666712,0.0,,
offered_load_x1_seed130,5,2,1,64,0,258.0,delivered,delivered,0.163492666669526,0.163492666669526,0.0,,
offered_load_x1_seed130,6,3,1,64,0,258.0,delivered,delivered,2.39949266666554,2.39949266666554,0.0,,
offered_load_x1_seed130,7,2,1,64,0,267.0,delivered,delivered,2.2784926666497,2.2784926666497,0.0,,
offered_load_x1_seed130,8,3,1,64,0,267.0,delivered,delivered,0.159492666653477,0.159492666653477,0.0,,
offered_load_x1_seed130,9,2,1,64,0,276.0,delivered,delivered,0.220492666637313,0.220492666637313,0.0,,
offered_load_x1_seed130,10,3,1,64,0,276.0,delivered,delivered,0.350492666637081,0.350492666637081,0.0,,
offered_load_x1_seed130,11,2,1,64,0,285.0,delivered,delivered,2.32249266661751,2.32249266661751,0.0,,
offered_load_x1_seed130,12,3,1,64,0,285.0,delivered,delivered,0.255492666621194,0.255492666621194,0.0,,
offered_load_x1_seed130,13,2,1,64,0,294.0,delivered,delivered,0.35549266660496,0.35549266660496,0.0,,
offered_load_x1_seed130,14,3,1,64,0,294.0,delivered,delivered,2.48749266660116,2.48749266660116,0.0,,
offered_load_x1_seed130,15,2,1,64,0,303.0,delivered,delivered,0.221492666589143,0.221492666589143,0.0,,
offered_load_x1_seed130,16,3,1,64,0,303.0,delivered,delivered,2.48349266658511,2.48349266658511,0.0,,
offered_load_x2_seed128,1,2,1,64,0,240.0,delivered,delivered,1.55395266666685,1.55395266666685,0.0,,
offered_load_x2_seed128,2,3,1,64,0,240.0,delivered,delivered,2.90149266666776,2.90149266666776,0.0,,
offered_load_x2_seed128,3,2,1,64,0,244.5,delivered,delivered,2.37949266666936,2.37949266666936,0.0,,
offered_load_x2_seed128,4,3,1,64,0,244.5,delivered,delivered,0.286492666668522,0.286492666668522,0.0,,
offered_load_x2_seed128,5,2,1,64,0,249.0,delivered,delivered,0.284492666670332,0.284492666670332,0.0,,
offered_load_x2_seed128,6,3,1,64,0,249.0,delivered,delivered,2.41649266667119,2.41649266667119,0.0,,
offered_load_x2_seed128,7,2,1,64,0,253.5,delivered,delivered,0.243492666672125,0.243492666672125,0.0,,
offered_load_x2_seed128,8,3,1,64,0,253.5,delivered,delivered,2.46649266667302,2.46649266667302,0.0,,
offered_load_x2_seed128,9,2,1,64,0,258.0,delivered,delivered,2.42549266666549,2.42549266666549,0.0,,
offered_load_x2_seed128,10,3,1,64,0,258.0,delivered,delivered,0.202492666669457,0.202492666669457,0.0,,
offered_load_x2_seed128,11,2,1,64,0,262.5,delivered,delivered,2.50149266665733,2.50149266665733,0.0,,
offered_load_x2_seed128,12,3,1,64,0,262.5,delivered,delivered,0.25249266666134,0.25249266666134,0.0,,
offered_load_x2_seed128,13,2,1,64,0,267.0,delivered,delivered,0.224492666653362,0.224492666653362,0.0,,
offered_load_x2_seed128,14,3,1,64,0,267.0,delivered,delivered,2.4474926666494,2.4474926666494,0.0,,
offered_load_x2_seed128,15,2,1,64,0,271.5,delivered,delivered,0.274492666645244,0.274492666645244,0.0,,
offered_load_x2_seed128,16,3,1,64,0,271.5,delivered,delivered,2.47149266664132,2.47149266664132,0.0,,
offered_load_x2_seed128,17,2,1,64,0,276.0,delivered,delivered,0.337492666637104,0.337492666637104,0.0,,
offered_load_x2_seed128,18,3,1,64,0,276.0,delivered,delivered,0.207492666637336,0.207492666637336,0.0,,
offered_load_x2_seed128,19,2,1,64,0,280.5,delivered,delivered,0.166492666629381,0.166492666629381,0.0,,
offered_load_x2_seed128,20,3,1,64,0,280.5,delivered,delivered,2.38949266662542,2.38949266662542,0.0,,
offered_load_x2_seed128,21,2,1,64,0,285.0,delivered,delivered,0.372492666620985,0.372492666620985,0.0,,
offered_load_x2_seed128,22,3,1,64,0,285.0,delivered,delivered,0.242492666621217,0.242492666621217,0.0,,
offered_load_x2_seed128,23,2,1,64,0,289.5,delivered,delivered,2.39849266660934,2.39849266660934,0.0,,
offered_load_x2_seed128,24,3,1,64,0,289.5,delivered,delivered,0.188492666613286,0.188492666613286,0.0,,
offered_load_x2_seed128,25,2,1,64,0,294.0,delivered,delivered,0.264492666605122,0.264492666605122,0.0,,
offered_load_x2_seed128,26,3,1,64,0,294.0,delivered,delivered,2.4614926666012,2.4614926666012,0.0,,
offered_load_x2_seed128,27,2,1,64,0,298.5,delivered,delivered,2.31649266659343,2.31649266659343,0.0,,
offered_load_x2_seed128,28,3,1,64,0,298.5,delivered,delivered,0.21049266659719,0.21049266659719,0.0,,
offered_load_x2_seed128,29,2,1,64,0,303.0,delivered,delivered,2.47049266658513,2.47049266658513,0.0,,
offered_load_x2_seed128,30,3,1,64,0,303.0,delivered,delivered,0.156492666589259,0.156492666589259,0.0,,
offered_load_x2_seed129,1,2,1,64,0,240.0,delivered,delivered,2.68049266666767,2.68049266666767,0.0,,
offered_load_x2_seed129,2,3,1,64,0,240.0,delivered,delivered,1.54095266666684,1.54095266666684,0.0,,
offered_load_x2_seed129,3,2,1,64,0,244.5,delivered,delivered,2.41849266666938,2.41849266666938,0.0,,
offered_load_x2_seed129,4,3,1,64,0,244.5,delivered,delivered,0.18249266666848,0.18249266666848,0.0,,
offered_load_x2_seed129,5,2,1,64,0,249.0,delivered,delivered,2.35149266667116,2.35149266667116,0.0,,
offered_load_x2_seed129,6,3,1,64,0,249.0,delivered,delivered,0.193492666670295,0.193492666670295,0.0,,
offered_load_x2_seed129,7,2,1,64,0,253.5,delivered,delivered,0.20449266667211,0.20449266667211,0.0,,
offered_load_x2_seed129,8,3,1,64,0,253.5,delivered,delivered,0.347492666672167,0.347492666672167,0.0,,
offered_load_x2_seed129,9,2,1,64,0,258.0,delivered,delivered,2.39949266666554,2.39949266666554,0.0,,
offered_load_x2_seed129,10,3,1,64,0,258.0,delivered,delivered,0.18949266666948,0.18949266666948,0.0,,
offered_load_x2_seed129,11,2,1,64,0,262.5,delivered,delivered,0.161492666661502,0.161492666661502,0.0,,
offered_load_x2_seed129,12,3,1,64,0,262.5,delivered,delivered,2.43649266665744,2.43649266665744,0.0,,
offered_load_x2_seed129,13,2,1,64,0,267.0,delivered,delivered,0.289492666653246,0.289492666653246,0.0,,
offered_load_x2_seed129,14,3,1,64,0,267.0,delivered,delivered,0.159492666653477,0.159492666653477,0.0,,
offered_load_x2_seed129,15,2,1,64,0,271.5,delivered,delivered,0.235492666645314,0.235492666645314,0.0,,
offered_load_x2_seed129,16,3,1,64,0,271.5,delivered,delivered,2.28949266664165,2.28949266664165,0.0,,
offered_load_x2_seed129,17,2,1,64,0,276.0,delivered,delivered,0.207492666637336,0.207492666637336,0.0,,
offered_load_x2_seed129,18,3,1,64,0,276.0,delivered,delivered,0.376492666637034,0.376492666637034,0.0,,
offered_load_x2_seed129,19,2,1,64,0,280.5,delivered,delivered,2.32449266662553,2.32449266662553,0.0,,
offered_load_x2_seed129,20,3,1,64,0,280.5,delivered,delivered,4.62549266662143,4.62549266662143,0.0,,
offered_load_x2_seed129,21,2,1,64,0,285.0,delivered,delivered,2.20549266661772,2.20549266661772,0.0,,
offered_load_x2_seed129,22,3,1,64,0,285.0,delivered,delivered,0.450492666620846,0.450492666620846,0.0,,
offered_load_x2_seed129,23,2,1,64,0,289.5,delivered,delivered,2.41149266660932,2.41149266660932,0.0,,
offered_load_x2_seed129,24,3,1,64,0,289.5,delivered,delivered,0.305492666613077,0.305492666613077,0.0,,
offered_load_x2_seed129,25,2,1,64,0,294.0,delivered,delivered,0.160492666605307,0.160492666605307,0.0,,
offered_load_x2_seed129,26,3,1,64,0,294.0,delivered,delivered,0.35549266660496,0.35549266660496,0.0,,
offered_load_x2_seed129,27,2,1,64,0,298.5,delivered,delivered,0.197492666597213,0.197492666597213,0.0,,
offered_load_x2_seed129,28,3,1,64,0,298.5,delivered,delivered,0.418492666596819,0.418492666596819,0.0,,
offered_load_x2_seed129,29,2,1,64,0,303.0,delivered,delivered,2.47049266658513,2.47049266658513,0.0,,
offered_load_x2_seed129,30,3,1,64,0,303.0,delivered,delivered,0.286492666589027,0.286492666589027,0.0,,
offered_load_x2_seed130,1,2,1,64,0,240.0,delivered,delivered,2.78449266666772,2.78449266666772,0.0,,
offered_load_x2_seed130,2,3,1,64,0,240.0,delivered,delivered,1.46295266666681,1.46295266666681,0.0,,
offered_load_x2_seed130,3,2,1,64,0,244.5,delivered,delivered,0.325492666668538,0.325492666668538,0.0,,
offered_load_x2_seed130,4,3,1,64,0,244.5,delivered,delivered,2.44449266666939,2.44449266666939,0.0,,
offered_load_x2_seed130,5,2,1,64,0,249.0,delivered,delivered,0.154492666670279,0.154492666670279,0.0,,
offered_load_x2_seed130,6,3,1,64,0,249.0,delivered,delivered,2.39049266667118,2.39049266667118,0.0,,
offered_load_x2_seed130,7,2,1,64,0,253.5,delivered,delivered,2.27149266667294,2.27149266667294,0.0,,
offered_load_x2_seed130,8,3,1,64,0,253.5,delivered,delivered,0.152492666672089,0.152492666672089,0.0,,
offered_load_x2_seed130,9,2,1,64,0,258.0,delivered,delivered,0.22849266666941,0.22849266666941,0.0,,
offered_load_x2_seed130,10,3,1,64,0,258.0,delivered,delivered,0.358492666669179,0.358492666669179,0.0,,
offered_load_x2_seed130,11,2,1,64,0,262.5,delivered,delivered,2.31949266665765,2.31949266665765,0.0,,
offered_load_x2_seed130,12,3,1,64,0,262.5,delivered,delivered,0.25249266666134,0.25249266666134,0.0,,
offered_load_x2_seed130,13,2,1,64,0,267.0,delivered,delivered,0.35449266665313,0.35449266665313,0.0,,
offered_load_x2_seed130,14,3,1,64,0,267.0,delivered,delivered,2.48649266664933,2.48649266664933,0.0,,
offered_load_x2_seed130,15,2,1,64,0,271.5,delivered,delivered,0.222492666645337,0.222492666645337,0.0,,
offered_load_x2_seed130,16,3,1,64,0,271.5,delivered,delivered,2.4844926666413,2.4844926666413,0.0,,
offered_load_x2_seed130,17,2,1,64,0,276.0,delivered,delivered,0.324492666637127,0.324492666637127,0.0,,
offered_load_x2_seed130,18,3,1,64,0,276.0,delivered,delivered,0.181492666637382,0.181492666637382,0.0,,
offered_load_x2_seed130,19,2,1,64,0,280.5,delivered,delivered,0.179492666629358,0.179492666629358,0.0,,
offered_load_x2_seed130,20,3,1,64,0,280.5,delivered,delivered,2.44149266662532,2.44149266662532,0.0,,
offered_load_x2_seed130,21,2,1,64,0,285.0,delivered,delivered,0.164492666621356,0.164492666621356,0.0,,
offered_load_x2_seed130,22,3,1,64,0,285.0,delivered,delivered,2.32249266661751,2.32249266661751,0.0,,
offered_load_x2_seed130,23,2,1,64,0,289.5,delivered,delivered,0.279492666613123,0.279492666613123,0.0,,
offered_load_x2_seed130,24,3,1,64,0,289.5,delivered,delivered,2.54149266660909,2.54149266660909,0.0,,
offered_load_x2_seed130,25,2,1,64,0,294.0,delivered,delivered,0.160492666605307,0.160492666605307,0.0,,
offered_load_x2_seed130,26,3,1,64,0,294.0,delivered,delivered,2.30549266660148,2.30549266660148,0.0,,
offered_load_x2_seed130,27,2,1,64,0,298.5,delivered,delivered,0.184492666597237,0.184492666597237,0.0,,
offered_load_x2_seed130,28,3,1,64,0,298.5,delivered,delivered,2.34249266659339,2.34249266659339,0.0,,
offered_load_x2_seed130,29,2,1,64,0,303.0,delivered,delivered,2.41849266658522,2.41849266658522,0.0,,
offered_load_x2_seed130,30,3,1,64,0,303.0,delivered,delivered,2.63949266658483,2.63949266658483,0.0,,
offered_load_x4_seed128,1,2,1,64,0,240.0,delivered,delivered,1.55395266666685,1.55395266666685,0.0,,
offered_load_x4_seed128,2,3,1,64,0,240.0,delivered,delivered,2.83649266666774,2.83649266666774,0.0,,
offered_load_x4_seed128,3,2,1,64,0,242.25,delivered,delivered,0.404492666667664,0.404492666667664,0.0,,
offered_load_x4_seed128,4,3,1,64,0,242.25,delivered,delivered,0.963492666667889,0.963492666667889,0.0,,
offered_load_x4_seed128,5,2,1,64,0,244.5,delivered,delivered,0.18249266666848,0.18249266666848,0.0,,
offered_load_x4_seed128,6,3,1,64,0,244.5,delivered,delivered,2.52249266666942,2.52249266666942,0.0,,
offered_load_x4_seed128,7,2,1,64,0,246.75,delivered,delivered,2.50751266667029,2.50751266667029,0.0,,
offered_load_x4_seed128,8,3,1,64,0,246.75,delivered,delivered,0.792492666669631,0.792492666669631,0.0,,
offered_load_x4_seed128,9,2,1,64,0,249.0,delivered,delivered,0.257512666670294,0.257512666670294,0.0,,
offered_load_x4_seed128,10,3,1,64,0,249.0,delivered,delivered,2.39049266667118,2.39049266667118,0.0,,
offered_load_x4_seed128,11,2,1,64,0,251.25,delivered,delivered,0.296492666671242,0.296492666671242,0.0,,
offered_load_x4_seed128,12,3,1,64,0,251.25,delivered,delivered,0.829492666671456,0.829492666671456,0.0,,
offered_load_x4_seed128,13,2,1,64,0,253.5,delivered,delivered,2.491512666673,2.491512666673,0.0,,
offered_load_x4_seed128,14,3,1,64,0,253.5,delivered,delivered,0.20449266667211,0.20449266667211,0.0,,
offered_load_x4_seed128,15,2,1,64,0,255.75,delivered,delivered,0.241512666673003,0.241512666673003,0.0,,
offered_load_x4_seed128,16,3,1,64,0,255.75,delivered,delivered,2.50449266666936,2.50449266666936,0.0,,
offered_load_x4_seed128,17,2,1,64,0,258.0,delivered,delivered,2.5545126666654,2.5545126666654,0.0,,
offered_load_x4_seed128,18,3,1,64,0,258.0,delivered,delivered,0.644492666668668,0.644492666668668,0.0,,
offered_load_x4_seed128,19,2,1,64,0,260.25,delivered,delivered,0.304512666665403,0.304512666665403,0.0,,
offered_load_x4_seed128,20,3,1,64,0,260.25,delivered,delivered,2.34649266666162,2.34649266666162,0.0,,
offered_load_x4_seed128,21,2,1,64,0,262.5,delivered,delivered,0.278492666661293,0.278492666661293,0.0,,
offered_load_x4_seed128,22,3,1,64,0,262.5,delivered,delivered,2.60451266665729,2.60451266665729,0.0,,
offered_load_x4_seed128,23,2,1,64,0,264.75,delivered,delivered,2.48651266665348,2.48651266665348,0.0,,
offered_load_x4_seed128,24,3,1,64,0,264.75,delivered,delivered,0.354512666657286,0.354512666657286,0.0,,
offered_load_x4_seed128,25,2,1,64,0,267.0,delivered,delivered,0.236512666653482,0.236512666653482,0.0,,
offered_load_x4_seed128,26,3,1,64,0,267.0,delivered,delivered,2.23949266664977,2.23949266664977,0.0,,
offered_load_x4_seed128,27,2,1,64,0,269.25,delivered,delivered,0.431492666648978,0.431492666648978,0.0,,
offered_load_x4_seed128,28,3,1,64,0,269.25,delivered,delivered,0.158492666649465,0.158492666649465,0.0,,
offered_load_x4_seed128,29,2,1,64,0,271.5,delivered,delivered,0.300492666645198,0.300492666645198,0.0,,
offered_load_x4_seed128,30,3,1,64,0,271.5,delivered,delivered,2.56151266664131,2.56151266664131,0.0,,
offered_load_x4_seed128,31,2,1,64,0,273.75,delivered,delivered,2.35349266663752,2.35349266663752,0.0,,
offered_load_x4_seed128,32,3,1,64,0,273.75,delivered,delivered,0.311512666641306,0.311512666641306,0.0,,
offered_load_x4_seed128,33,2,1,64,0,276.0,delivered,delivered,0.493492666636826,0.493492666636826,0.0,,
offered_load_x4_seed128,34,3,1,64,0,276.0,delivered,delivered,2.23549266663372,2.23549266663372,0.0,,
offered_load_x4_seed128,35,2,1,64,0,278.25,delivered,delivered,0.193492666633347,0.193492666633347,0.0,,
offered_load_x4_seed128,36,3,1,64,0,278.25,delivered,delivered,2.5975126666292,2.5975126666292,0.0,,
offered_load_x4_seed128,37,2,1,64,0,280.5,delivered,delivered,2.58351266662521,2.58351266662521,0.0,,
offered_load_x4_seed128,38,3,1,64,0,280.5,delivered,delivered,0.3475126666292,0.3475126666292,0.0,,
offered_load_x4_seed128,39,2,1,64,0,282.75,delivered,delivered,0.333512666625211,0.333512666625211,0.0,,
offered_load_x4_seed128,40,3,1,64,0,282.75,delivered,delivered,2.29749266662157,2.29749266662157,0.0,,
offered_load_x4_seed128,41,2,1,64,0,285.0,delivered,delivered,0.203492666621287,0.203492666621287,0.0,,
offered_load_x4_seed128,42,3,1,64,0,285.0,delivered,delivered,2.49051266661735,2.49051266661735,0.0,,
offered_load_x4_seed128,43,2,1,64,0,287.25,delivered,delivered,2.34749266661345,2.34749266661345,0.0,,
offered_load_x4_seed128,44,3,1,64,0,287.25,delivered,delivered,0.240512666617349,0.240512666617349,0.0,,
offered_load_x4_seed128,45,2,1,64,0,289.5,delivered,delivered,0.357492666612984,0.357492666612984,0.0,,
offered_load_x4_seed128,46,3,1,64,0,289.5,delivered,delivered,4.78951266660522,4.78951266660522,0.0,,
offered_load_x4_seed128,47,2,1,64,0,291.75,delivered,delivered,0.20049266660925,0.20049266660925,0.0,,
offered_load_x4_seed128,48,3,1,64,0,291.75,delivered,delivered,2.53951266660522,2.53951266660522,0.0,,
offered_load_x4_seed128,49,2,1,64,0,294.0,delivered,delivered,2.53851266660121,2.53851266660121,0.0,,
offered_load_x4_seed128,50,3,1,64,0,294.0,delivered,delivered,0.758492666604241,0.758492666604241,0.0,,
offered_load_x4_seed128,51,2,1,64,0,296.25,delivered,delivered,0.288512666601207,0.288512666601207,0.0,,
offered_load_x4_seed128,52,3,1,64,0,296.25,delivered,delivered,2.60251266659708,2.60251266659708,0.0,,
offered_load_x4_seed128,53,2,1,64,0,298.5,delivered,delivered,2.30349266659346,2.30349266659346,0.0,,
offered_load_x4_seed128,54,3,1,64,0,298.5,delivered,delivered,0.352512666597079,0.352512666597079,0.0,,
offered_load_x4_seed128,55,2,1,64,0,300.75,delivered,delivered,0.326492666592969,0.326492666592969,0.0,,
offered_load_x4_seed128,56,3,1,64,0,300.75,delivered,delivered,2.52251266658919,2.52251266658919,0.0,,
offered_load_x4_seed128,57,2,1,64,0,303.0,delivered,delivered,2.27549266658548,2.27549266658548,0.0,,
offered_load_x4_seed128,58,3,1,64,0,303.0,delivered,delivered,0.272512666589193,0.272512666589193,0.0,,
offered_load_x4_seed129,1,2,1,64,0,240.0,delivered,delivered,2.69349266666768,2.69349266666768,0.0,,
offered_load_x4_seed129,2,3,1,64,0,240.0,delivered,delivered,1.54095266666684,1.54095266666684,0.0,,
offered_load_x4_seed129,3,2,1,64,0,242.25,delivered,delivered,0.950492666667884,0.950492666667884,0.0,,
offered_load_x4_seed129,4,3,1,64,0,242.25,delivered,delivered,0.183492666667576,0.183492666667576,0.0,,
offered_load_x4_seed129,5,2,1,64,0,244.5,delivered,delivered,0.364492666668554,0.364492666668554,0.0,,
offered_load_x4_seed129,6,3,1,64,0,244.5,delivered,delivered,0.221492666668496,0.221492666668496,0.0,,
offered_load_x4_seed129,7,2,1,64,0,246.75,delivered,delivered,0.220492666669401,0.220492666669401,0.0,,
offered_load_x4_seed129,8,3,1,64,0,246.75,delivered,delivered,0.350492666669453,0.350492666669453,0.0,,
offered_load_x4_seed129,9,2,1,64,0,249.0,delivered,delivered,2.33849266667116,2.33849266667116,0.0,,
offered_load_x4_seed129,10,3,1,64,0,249.0,delivered,delivered,0.18049266667029,0.18049266667029,0.0,,
offered_load_x4_seed129,11,2,1,64,0,251.25,delivered,delivered,2.54451266667212,2.54451266667212,0.0,,
offered_load_x4_seed129,12,3,1,64,0,251.25,delivered,delivered,0.231492666671215,0.231492666671215,0.0,,
offered_load_x4_seed129,13,2,1,64,0,253.5,delivered,delivered,0.294512666672119,0.294512666672119,0.0,,
offered_load_x4_seed129,14,3,1,64,0,253.5,delivered,delivered,2.34949266667297,2.34949266667297,0.0,,
offered_load_x4_seed129,15,2,1,64,0,255.75,delivered,delivered,2.30949266666971,2.30949266666971,0.0,,
offered_load_x4_seed129,16,3,1,64,0,255.75,delivered,delivered,4.61049266666561,4.61049266666561,0.0,,
offered_load_x4_seed129,17,2,1,64,0,258.0,delivered,delivered,4.62151266666172,4.62151266666172,0.0,,
offered_load_x4_seed129,18,3,1,64,0,258.0,delivered,delivered,0.254492666669364,0.254492666669364,0.0,,
offered_load_x4_seed129,19,2,1,64,0,260.25,delivered,delivered,2.37151266666172,2.37151266666172,0.0,,
offered_load_x4_seed129,20,3,1,64,0,260.25,delivered,delivered,0.266492666665329,0.266492666665329,0.0,,
offered_load_x4_seed129,21,2,1,64,0,262.5,delivered,delivered,0.538492666660829,0.538492666660829,0.0,,
offered_load_x4_seed129,22,3,1,64,0,262.5,delivered,delivered,2.52651266665742,2.52651266665742,0.0,,
offered_load_x4_seed129,23,2,1,64,0,264.75,delivered,delivered,2.31849266665364,2.31849266665364,0.0,,
offered_load_x4_seed129,24,3,1,64,0,264.75,delivered,delivered,0.276512666657425,0.276512666657425,0.0,,
offered_load_x4_seed129,25,2,1,64,0,267.0,delivered,delivered,2.55051266664935,2.55051266664935,0.0,,
offered_load_x4_seed129,26,3,1,64,0,267.0,delivered,delivered,0.341492666653153,0.341492666653153,0.0,,
offered_load_x4_seed129,27,2,1,64,0,269.25,delivered,delivered,0.300512666649354,0.300512666649354,0.0,,
offered_load_x4_seed129,28,3,1,64,0,269.25,dropped,dropped,,,,retry_exhausted,retry_exhausted
offered_load_x4_seed129,29,2,1,64,0,271.5,delivered,delivered,0.183492666645407,0.183492666645407,0.0,,
offered_load_x4_seed129,30,3,1,64,0,271.5,delivered,delivered,4.77151266663736,4.77151266663736,0.0,,
offered_load_x4_seed129,31,2,1,64,0,273.75,delivered,delivered,0.169492666641418,0.169492666641418,0.0,,
offered_load_x4_seed129,32,3,1,64,0,273.75,delivered,delivered,0.637492666640583,0.637492666640583,0.0,,
offered_load_x4_seed129,33,2,1,64,0,276.0,delivered,delivered,2.62451266663317,2.62451266663317,0.0,,
offered_load_x4_seed129,34,3,1,64,0,276.0,delivered,delivered,0.271512666637364,0.271512666637364,0.0,,
offered_load_x4_seed129,35,2,1,64,0,278.25,delivered,delivered,0.374512666633166,0.374512666633166,0.0,,
offered_load_x4_seed129,36,3,1,64,0,278.25,delivered,delivered,2.33849266662952,2.33849266662952,0.0,,
offered_load_x4_seed129,37,2,1,64,0,280.5,delivered,delivered,2.33749266662551,2.33749266662551,0.0,,
offered_load_x4_seed129,38,3,1,64,0,280.5,delivered,delivered,0.257492666629219,0.257492666629219,0.0,,
offered_load_x4_seed129,39,2,1,64,0,282.75,delivered,delivered,0.32149266662509,0.32149266662509,0.0,,
offered_load_x4_seed129,40,3,1,64,0,282.75,delivered,delivered,2.50451266662134,2.50451266662134,0.0,,
offered_load_x4_seed129,41,2,1,64,0,285.0,delivered,delivered,2.52951266661728,2.52951266661728,0.0,,
offered_load_x4_seed129,42,3,1,64,0,285.0,delivered,delivered,0.254512666621338,0.254512666621338,0.0,,
offered_load_x4_seed129,43,2,1,64,0,287.25,delivered,delivered,0.279512666617279,0.279512666617279,0.0,,
offered_load_x4_seed129,44,3,1,64,0,287.25,delivered,delivered,2.55451266661322,2.55451266661322,0.0,,
offered_load_x4_seed129,45,2,1,64,0,289.5,delivered,delivered,2.72251266660891,2.72251266660891,0.0,,
offered_load_x4_seed129,46,3,1,64,0,289.5,delivered,delivered,0.304512666613221,0.304512666613221,0.0,,
offered_load_x4_seed129,47,2,1,64,0,291.75,delivered,delivered,0.472512666608907,0.472512666608907,0.0,,
offered_load_x4_seed129,48,3,1,64,0,291.75,delivered,delivered,0.239492666609181,0.239492666609181,0.0,,
offered_load_x4_seed129,49,2,1,64,0,294.0,delivered,delivered,0.173492666605284,0.173492666605284,0.0,,
offered_load_x4_seed129,50,3,1,64,0,294.0,delivered,delivered,0.329492666605006,0.329492666605006,0.0,,
offered_load_x4_seed129,51,2,1,64,0,296.25,delivered,delivered,4.38449266659376,4.38449266659376,0.0,,
offered_load_x4_seed129,52,3,1,64,0,296.25,delivered,delivered,2.22649266659761,2.22649266659761,0.0,,
offered_load_x4_seed129,53,2,1,64,0,298.5,dropped,dropped,,,,retry_exhausted,retry_exhausted
offered_load_x4_seed129,54,3,1,64,0,298.5,delivered,delivered,0.158492666597283,0.158492666597283,0.0,,
offered_load_x4_seed129,55,2,1,64,0,300.75,delivered,delivered,4.70749266658515,4.70749266658515,0.0,,
offered_load_x4_seed129,56,3,1,64,0,300.75,delivered,delivered,0.339492666592946,0.339492666592946,0.0,,
offered_load_x4_seed129,57,2,1,64,0,303.0,delivered,delivered,0.572492666588516,0.572492666588516,0.0,,
offered_load_x4_seed129,58,3,1,64,0,303.0,delivered,delivered,0.182492666589212,0.182492666589212,0.0,,
offered_load_x4_seed130,1,2,1,64,0,240.0,delivered,delivered,4.9814926666686,4.9814926666686,0.0,,
offered_load_x4_seed130,2,3,1,64,0,240.0,delivered,delivered,1.46295266666681,1.46295266666681,0.0,,
offered_load_x4_seed130,3,2,1,64,0,242.25,delivered,delivered,3.05649266666873,3.05649266666873,0.0,,
offered_load_x4_seed130,4,3,1,64,0,242.25,delivered,delivered,0.44349266666768,0.44349266666768,0.0,,
offered_load_x4_seed130,5,2,1,64,0,244.5,delivered,delivered,1.41749266666898,1.41749266666898,0.0,,
offered_load_x4_seed130,6,3,1,64,0,244.5,delivered,delivered,0.234492666668501,0.234492666668501,0.0,,
offered_load_x4_seed130,7,2,1,64,0,246.75,delivered,delivered,2.31349266667024,2.31349266667024,0.0,,
offered_load_x4_seed130,8,3,1,64,0,246.75,delivered,delivered,0.220492666669401,0.220492666669401,0.0,,
offered_load_x4_seed130,9,2,1,64,0,249.0,delivered,delivered,0.973492666670609,0.973492666670609,0.0,,
offered_load_x4_seed130,10,3,1,64,0,249.0,delivered,delivered,0.336492666670352,0.336492666670352,0.0,,
offered_load_x4_seed130,11,2,1,64,0,251.25,delivered,delivered,0.387492666671278,0.387492666671278,0.0,,
offered_load_x4_seed130,12,3,1,64,0,251.25,delivered,delivered,0.166492666671189,0.166492666671189,0.0,,
offered_load_x4_seed130,13,2,1,64,0,253.5,delivered,delivered,2.58251266667304,2.58251266667304,0.0,,
offered_load_x4_seed130,14,3,1,64,0,253.5,delivered,delivered,0.347492666672167,0.347492666672167,0.0,,
offered_load_x4_seed130,15,2,1,64,0,255.75,delivered,delivered,0.33251266667304,0.33251266667304,0.0,,
offered_load_x4_seed130,16,3,1,64,0,255.75,delivered,delivered,4.71351266666557,4.71351266666557,0.0,,
offered_load_x4_seed130,17,2,1,64,0,258.0,delivered,delivered,0.215492666669434,0.215492666669434,0.0,,
offered_load_x4_seed130,18,3,1,64,0,258.0,delivered,delivered,2.46351266666557,2.46351266666557,0.0,,
offered_load_x4_seed130,19,2,1,64,0,260.25,delivered,delivered,2.64451266666123,2.64451266666123,0.0,,
offered_load_x4_seed130,20,3,1,64,0,260.25,dropped,dropped,,,,retry_exhausted,retry_exhausted
offered_load_x4_seed130,21,2,1,64,0,262.5,delivered,delivered,0.394512666661228,0.394512666661228,0.0,,
offered_load_x4_seed130,22,3,1,64,0,262.5,delivered,delivered,4.56849266665364,4.56849266665364,0.0,,
offered_load_x4_seed130,23,2,1,64,0,264.75,delivered,delivered,4.57951266664975,4.57951266664975,0.0,,
offered_load_x4_seed130,24,3,1,64,0,264.75,delivered,delivered,0.52449266665684,0.52449266665684,0.0,,
offered_load_x4_seed130,25,2,1,64,0,267.0,delivered,delivered,2.32951266664975,2.32951266664975,0.0,,
offered_load_x4_seed130,26,3,1,64,0,267.0,delivered,delivered,0.289492666653246,0.289492666653246,0.0,,
offered_load_x4_seed130,27,2,1,64,0,269.25,delivered,delivered,0.249492666649303,0.249492666649303,0.0,,
offered_load_x4_seed130,28,3,1,64,0,269.25,delivered,delivered,0.379492666649071,0.379492666649071,0.0,,
offered_load_x4_seed130,29,2,1,64,0,271.5,delivered,delivered,2.52251266664138,2.52251266664138,0.0,,
offered_load_x4_seed130,30,3,1,64,0,271.5,delivered,delivered,0.287492666645221,0.287492666645221,0.0,,
offered_load_x4_seed130,31,2,1,64,0,273.75,delivered,delivered,0.272512666641376,0.272512666641376,0.0,,
offered_load_x4_seed130,32,3,1,64,0,273.75,delivered,delivered,2.58651266663725,2.58651266663725,0.0,,
offered_load_x4_seed130,33,2,1,64,0,276.0,delivered,delivered,2.33949266663353,2.33949266663353,0.0,,
offered_load_x4_seed130,34,3,1,64,0,276.0,delivered,delivered,0.336512666637248,0.336512666637248,0.0,,
offered_load_x4_seed130,35,2,1,64,0,278.25,delivered,delivered,0.271492666633208,0.271492666633208,0.0,,
offered_load_x4_seed130,36,3,1,64,0,278.25,delivered,delivered,2.54551266662929,2.54551266662929,0.0,,
offered_load_x4_seed130,37,2,1,64,0,280.5,delivered,delivered,2.58351266662521,2.58351266662521,0.0,,
offered_load_x4_seed130,38,3,1,64,0,280.5,delivered,delivered,0.295512666629293,0.295512666629293,0.0,,
offered_load_x4_seed130,39,2,1,64,0,282.75,delivered,delivered,0.333512666625211,0.333512666625211,0.0,,
offered_load_x4_seed130,40,3,1,64,0,282.75,delivered,delivered,2.49151266662136,2.49151266662136,0.0,,
offered_load_x4_seed130,41,2,1,64,0,285.0,delivered,delivered,2.34849266661746,2.34849266661746,0.0,,
offered_load_x4_seed130,42,3,1,64,0,285.0,delivered,delivered,0.241512666621361,0.241512666621361,0.0,,
offered_load_x4_seed130,43,2,1,64,0,287.25,delivered,delivered,0.254492666617182,0.254492666617182,0.0,,
offered_load_x4_seed130,44,3,1,64,0,287.25,delivered,delivered,2.65851266661303,2.65851266661303,0.0,,
offered_load_x4_seed130,45,2,1,64,0,289.5,delivered,delivered,4.78951266660522,4.78951266660522,0.0,,
offered_load_x4_seed130,46,3,1,64,0,289.5,delivered,delivered,0.408512666613035,0.408512666613035,0.0,,
offered_load_x4_seed130,47,2,1,64,0,291.75,delivered,delivered,2.53951266660522,2.53951266660522,0.0,,
offered_load_x4_seed130,48,3,1,64,0,291.75,delivered,delivered,0.239492666609181,0.239492666609181,0.0,,
offered_load_x4_seed130,49,2,1,64,0,294.0,delivered,delivered,0.641492666604449,0.641492666604449,0.0,,
offered_load_x4_seed130,50,3,1,64,0,294.0,delivered,delivered,2.34449266660141,2.34449266660141,0.0,,
offered_load_x4_seed130,51,2,1,64,0,296.25,delivered,delivered,0.237492666601156,0.237492666601156,0.0,,
offered_load_x4_seed130,52,3,1,64,0,296.25,delivered,delivered,2.52451266659722,2.52451266659722,0.0,,
offered_load_x4_seed130,53,2,1,64,0,298.5,delivered,delivered,2.58851266659309,2.58851266659309,0.0,,
offered_load_x4_seed130,54,3,1,64,0,298.5,delivered,delivered,0.274512666597218,0.274512666597218,0.0,,
offered_load_x4_seed130,55,2,1,64,0,300.75,delivered,delivered,0.33851266659309,0.33851266659309,0.0,,
offered_load_x4_seed130,56,3,1,64,0,300.75,delivered,delivered,2.34149266658937,2.34149266658937,0.0,,
offered_load_x4_seed130,57,2,1,64,0,303.0,delivered,delivered,2.47049266658513,2.47049266658513,0.0,,
offered_load_x4_seed130,58,3,1,64,0,303.0,delivered,delivered,2.31449266658541,2.31449266658541,0.0,,
recovery_freshness_s60_seed128,1,3,1,64,0,450.0,delivered,dropped,135.940412666693,,,,retry_exhausted
recovery_freshness_s60_seed128,2,3,1,64,0,486.0,delivered,delivered,103.754012666703,102.541452666699,-1.2125600000040038,,
recovery_freshness_s60_seed128,3,3,1,64,0,522.0,delivered,delivered,68.3780126667042,68.1524126667038,-0.22560000000039793,,
recovery_freshness_s60_seed128,4,3,1,64,0,558.0,delivered,delivered,35.8347326667132,35.1390926667115,-0.6956400000017027,,
recovery_freshness_s60_seed128,5,3,1,64,0,594.0,delivered,delivered,0.689412666715498,6.01941266672929,5.330000000013793,,
recovery_freshness_s60_seed129,1,3,1,64,0,450.0,delivered,delivered,135.860132666692,138.9006126667,3.040480000007989,,
recovery_freshness_s60_seed129,2,3,1,64,0,486.0,delivered,delivered,103.034412666701,106.56201266671,3.527600000009002,,
recovery_freshness_s60_seed129,3,3,1,64,0,522.0,delivered,delivered,67.6584126667025,75.632012666723,7.973600000020497,,
recovery_freshness_s60_seed129,4,3,1,64,0,558.0,delivered,delivered,32.3604126667043,40.9756126667264,8.6152000000221,,
recovery_freshness_s60_seed129,5,3,1,64,0,594.0,delivered,delivered,1.08861266671636,8.23401266673488,7.145400000018521,,
recovery_freshness_s60_seed130,1,3,1,64,0,450.0,delivered,dropped,134.199212666688,,,,retry_exhausted
recovery_freshness_s60_seed130,2,3,1,64,0,486.0,delivered,delivered,102.8134126667,97.8474126666874,-4.966000000012599,,
recovery_freshness_s60_seed130,3,3,1,64,0,522.0,delivered,delivered,69.3937926667069,62.6404126666895,-6.753380000017401,,
recovery_freshness_s60_seed130,4,3,1,64,0,558.0,delivered,delivered,34.2584126667092,27.3164126666912,-6.942000000017998,,
recovery_freshness_s60_seed130,5,3,1,64,0,594.0,delivered,delivered,2.56933266672024,3.3544126667224,0.7850800000021598,,
recovery_freshness_s180_seed128,1,3,1,64,0,450.0,dropped,dropped,,,,retry_exhausted,retry_exhausted
recovery_freshness_s180_seed128,2,3,1,64,0,486.0,dropped,dropped,,,,retry_exhausted,retry_exhausted
recovery_freshness_s180_seed128,3,3,1,64,0,522.0,dropped,dropped,,,,retry_exhausted,retry_exhausted
recovery_freshness_s180_seed128,4,3,1,64,0,558.0,delivered,delivered,29.6011126666971,31.7884126667028,2.187300000005699,,
recovery_freshness_s180_seed128,5,3,1,64,0,594.0,delivered,delivered,2.54333266672018,2.84741266672108,0.3040800000009001,,
recovery_freshness_s180_seed129,1,3,1,64,0,450.0,dropped,dropped,,,,retry_exhausted,retry_exhausted
recovery_freshness_s180_seed129,2,3,1,64,0,486.0,dropped,dropped,,,,retry_exhausted,retry_exhausted
recovery_freshness_s180_seed129,3,3,1,64,0,522.0,dropped,dropped,,,,retry_exhausted,retry_exhausted
recovery_freshness_s180_seed129,4,3,1,64,0,558.0,delivered,delivered,27.8953326666924,30.5177326666994,2.622400000006998,,
recovery_freshness_s180_seed129,5,3,1,64,0,594.0,delivered,delivered,5.29141266672741,0.77661266671555,-4.51480000001186,,
recovery_freshness_s180_seed130,1,3,1,64,0,450.0,dropped,dropped,,,,retry_exhausted,retry_exhausted
recovery_freshness_s180_seed130,2,3,1,64,0,486.0,dropped,dropped,,,,retry_exhausted,retry_exhausted
recovery_freshness_s180_seed130,3,3,1,64,0,522.0,dropped,dropped,,,,retry_exhausted,retry_exhausted
recovery_freshness_s180_seed130,4,3,1,64,0,558.0,delivered,delivered,25.5752126666865,26.3422126666885,0.7670000000019996,,
recovery_freshness_s180_seed130,5,3,1,64,0,594.0,delivered,delivered,0.590012666715097,0.750612666715483,0.160600000000386,,
recovery_freshness_s300_seed128,1,3,1,64,0,450.0,dropped,dropped,,,,retry_exhausted,retry_exhausted
recovery_freshness_s300_seed128,2,3,1,64,0,486.0,dropped,dropped,,,,retry_exhausted,retry_exhausted
recovery_freshness_s300_seed128,3,3,1,64,0,522.0,dropped,dropped,,,,retry_exhausted,retry_exhausted
recovery_freshness_s300_seed128,4,3,1,64,0,558.0,delivered,delivered,2.88087266667037,2.88087266667037,0.0,,
recovery_freshness_s300_seed128,5,3,1,64,0,594.0,delivered,delivered,0.676412666760484,0.676412666760484,0.0,,
recovery_freshness_s300_seed129,1,3,1,64,0,450.0,dropped,dropped,,,,retry_exhausted,retry_exhausted
recovery_freshness_s300_seed129,2,3,1,64,0,486.0,dropped,dropped,,,,retry_exhausted,retry_exhausted
recovery_freshness_s300_seed129,3,3,1,64,0,522.0,dropped,dropped,,,,retry_exhausted,retry_exhausted
recovery_freshness_s300_seed129,4,3,1,64,0,558.0,delivered,delivered,3.02387266667074,3.02387266667074,0.0,,
recovery_freshness_s300_seed129,5,3,1,64,0,594.0,delivered,delivered,0.434012666759713,0.434012666759713,0.0,,
recovery_freshness_s300_seed130,1,3,1,64,0,450.0,dropped,dropped,,,,retry_exhausted,retry_exhausted
recovery_freshness_s300_seed130,2,3,1,64,0,486.0,dropped,dropped,,,,retry_exhausted,retry_exhausted
recovery_freshness_s300_seed130,3,3,1,64,0,522.0,dropped,dropped,,,,retry_exhausted,retry_exhausted
recovery_freshness_s300_seed130,4,3,1,64,0,558.0,delivered,delivered,2.91987266667047,2.91987266667047,0.0,,
recovery_freshness_s300_seed130,5,3,1,64,0,594.0,delivered,delivered,0.607612666760133,0.607612666760133,0.0,,
