case,app_source,app_id
out,4,1
out,4,2
out,4,3
out,4,4
out,4,5
out,4,6
out,4,7
out,4,8
out,4,9
out,4,10
out,4,11
out,4,12
out,4,13
out,4,14
out,4,15
out,4,16
out,4,17
out,4,18
out,4,19
out,4,20
out,4,21
out,4,22
out,4,23
out,4,24
out,4,25
out,4,26
out,4,27
out,4,28
out,4,29
out,4,30
out,4,31
out,4,32
out,4,33
out,4,34
out,4,35
out,4,36
out,4,37
out,4,38
out,4,39
out,4,40
out,4,41
out,4,42
out,4,43
out,4,44
out,4,45
out,4,46
out,4,47
out,4,48
out,5,1
out,5,2
out,5,3
out,5,4
out,5,5
out,5,6
out,5,7
out,5,8
out,5,9
out,5,10
out,5,11
out,5,12
out,5,13
out,5,14
out,5,15
out,5,16
out,5,17
out,5,18
out,5,19
out,5,20
out,5,21
out,5,22
out,5,23
out,5,24
out,5,25
out,5,26
out,5,27
out,5,28
out,5,29
out,5,30
out,5,31
out,5,32
out,5,33
out,5,34
out,5,35
out,5,36
out,5,37
out,5,38
out,5,39
out,5,40
out,5,41
out,5,42
out,5,43
out,5,44
out,5,45
out,5,46
out,5,47
out,5,48
