schema,event_index,time_s,event,node,peer,packet_type,src,dst,sequence,rate_kbps,size_bytes,success,reason,pathloss_db,rx_power_dbm,noise_dbm,snr_db,jsr_db,header_errors,payload_errors,total_errors,route_cost,next_hop,security_count,reservation_slot,reservation_counter,detail,statistic,value
csr-differential-trace-v1,0,0,mac_state,1,,,,,,,,,,,,,,,,,,,,,,,idle,,
csr-differential-trace-v1,1,0,mac_state,4,,,,,,,,,,,,,,,,,,,,,,,idle,,
csr-differential-trace-v1,2,0,mac_state,5,,,,,,,,,,,,,,,,,,,,,,,idle,,
csr-differential-trace-v1,3,2.8079999999999998,mac_state,5,,,,,,,,,,,,,,,,,,,,,,,search,,
csr-differential-trace-v1,4,2.8079999999999998,statistic_sample,5,,,,,,,,,,,,,,,,,,,,,,,,MAC.ACK Queue Size (packets),1
csr-differential-trace-v1,5,2.8079999999999998,statistic_sample,5,,,,,,,,,,,,,,,,,,,,,,,,MAC.Tx Queue Size (packets),1
csr-differential-trace-v1,6,2.8210000000000002,reservation_prepare,5,,,,,,,,,new,,,,,,,,,,,,0,0,,,
csr-differential-trace-v1,7,2.8329610000000001,mac_state,1,,,,,,,,,,,,,,,,,,,,,,,search,,
csr-differential-trace-v1,8,2.8329610000000001,statistic_sample,1,,,,,,,,,,,,,,,,,,,,,,,,MAC.ACK Queue Size (packets),1
csr-differential-trace-v1,9,2.8329610000000001,hop_feedback,1,5,data,5,1,1,,,1,ack,,,,,,,,,,,,,,hop_sequence=1;first_reception=1;ackable=1;nsdp_count_before=0;nsdp_count_after=0;nsdp_state_valid=0;nsdp_limit=16,,
csr-differential-trace-v1,10,2.8329610000000001,nwk_delivery,1,5,data,5,1,1,,23,1,delivered,,,,,,,,,,,,,,,,
csr-differential-trace-v1,11,2.8329610000000001,hop_feedback,1,5,data,5,1,2,,,1,ack,,,,,,,,,,,,,,hop_sequence=2;first_reception=1;ackable=1;nsdp_count_before=0;nsdp_count_after=0;nsdp_state_valid=0;nsdp_limit=16,,
csr-differential-trace-v1,12,2.8329610000000001,nwk_delivery,1,5,data,5,1,2,,23,1,delivered,,,,,,,,,,,,,,,,
csr-differential-trace-v1,13,2.845961,reservation_prepare,1,,,,,,,,,new,,,,,,,,,,,,0,0,,,
csr-differential-trace-v1,14,3.1080000000000001,reservation_holdoff,5,,,,,,,,,,,,,,,,,,,,,0,0,,,
csr-differential-trace-v1,15,3.1200000000000001,reservation_tick,5,,,,,,,,,,,,,,,,,,,,,0,-1,,,
csr-differential-trace-v1,16,3.1200000000000001,statistic_sample,5,,,,,,,,,,,,,,,,,,,,,,,,MAC.Tx Queue Size (packets),0
csr-differential-trace-v1,17,3.1200000000000001,statistic_sample,5,,,,,,,,,,,,,,,,,,,,,,,,MAC.Tx Queuing Delay (sec),0.312
csr-differential-trace-v1,18,3.1200000000000001,reservation_advertise,5,,,,,,,,,,,,,,,,,,,,,0,0,,,
csr-differential-trace-v1,19,3.1200000000000001,tx_start,5,4,ack,5,4,4,128,89,,,,,,,,,,,,,,0,0,short,,
csr-differential-trace-v1,20,3.1200000000000001,mac_state,5,,,,,,,,,,,,,,,,,,,,,,,tx,,
csr-differential-trace-v1,21,3.1329609999999999,reservation_holdoff,1,,,,,,,,,,,,,,,,,,,,,0,0,,,
csr-differential-trace-v1,22,3.1449600000000002,mac_state,5,,,,,,,,,,,,,,,,,,,,,,,search,,
csr-differential-trace-v1,23,3.1449600000000002,reservation_prepare,5,,,,,,,,,reuse,,,,,,,,,,,,0,0,,,
csr-differential-trace-v1,24,3.1449609999999999,hop_feedback,1,5,data,5,1,3,,,1,ack,,,,,,,,,,,,,,hop_sequence=3;first_reception=1;ackable=1;nsdp_count_before=0;nsdp_count_after=0;nsdp_state_valid=0;nsdp_limit=16,,
csr-differential-trace-v1,25,3.1449609999999999,nwk_delivery,1,5,data,5,1,3,,23,1,delivered,,,,,,,,,,,,,,,,
csr-differential-trace-v1,26,3.1449609999999999,reservation_tick,1,,,,,,,,,,,,,,,,,,,,,0,-1,,,
csr-differential-trace-v1,27,3.1449609999999999,reservation_advertise,1,,,,,,,,,,,,,,,,,,,,,0,0,,,
csr-differential-trace-v1,28,3.1449609999999999,tx_start,1,5,ack,1,5,3,128,41,,,,,,,,,,,,,,0,0,short,,
csr-differential-trace-v1,29,3.1449609999999999,mac_state,1,,,,,,,,,,,,,,,,,,,,,,,tx,,
csr-differential-trace-v1,30,3.1459999999999999,reservation_tick,5,,,,,,,,,,,,,,,,,,,,,0,-1,,,
csr-differential-trace-v1,31,3.1459999999999999,reservation_advertise,5,,,,,,,,,,,,,,,,,,,,,0,0,,,
csr-differential-trace-v1,32,3.1459999999999999,tx_start,5,4,ack,5,4,4,128,41,,,,,,,,,,,,,,0,0,short,,
csr-differential-trace-v1,33,3.1459999999999999,mac_state,5,,,,,,,,,,,,,,,,,,,,,,,tx,,
csr-differential-trace-v1,34,3.1670410000000002,mac_state,1,,,,,,,,,,,,,,,,,,,,,,,search,,
csr-differential-trace-v1,35,3.1670410000000002,reservation_prepare,1,,,,,,,,,reuse,,,,,,,,,,,,0,0,,,
csr-differential-trace-v1,36,3.1680799999999998,mac_state,5,,,,,,,,,,,,,,,,,,,,,,,search,,
csr-differential-trace-v1,37,3.1680799999999998,reservation_prepare,5,,,,,,,,,reuse,,,,,,,,,,,,0,0,,,
csr-differential-trace-v1,38,3.1709610000000001,reservation_tick,1,,,,,,,,,,,,,,,,,,,,,0,-1,,,
csr-differential-trace-v1,39,3.1709610000000001,reservation_advertise,1,,,,,,,,,,,,,,,,,,,,,0,0,,,
csr-differential-trace-v1,40,3.1709610000000001,tx_start,1,5,ack,1,5,3,128,41,,,,,,,,,,,,,,0,0,short,,
csr-differential-trace-v1,41,3.1709610000000001,mac_state,1,,,,,,,,,,,,,,,,,,,,,,,tx,,
csr-differential-trace-v1,42,3.1720000000000002,reservation_tick,5,,,,,,,,,,,,,,,,,,,,,0,-1,,,
csr-differential-trace-v1,43,3.1720000000000002,reservation_advertise,5,,,,,,,,,,,,,,,,,,,,,0,0,,,
csr-differential-trace-v1,44,3.1720000000000002,tx_start,5,4,ack,5,4,4,128,41,,,,,,,,,,,,,,0,0,short,,
csr-differential-trace-v1,45,3.1720000000000002,mac_state,5,,,,,,,,,,,,,,,,,,,,,,,tx,,
csr-differential-trace-v1,46,3.193041,mac_state,1,,,,,,,,,,,,,,,,,,,,,,,search,,
csr-differential-trace-v1,47,3.193041,reservation_prepare,1,,,,,,,,,reuse,,,,,,,,,,,,0,0,,,
csr-differential-trace-v1,48,3.19408,mac_state,5,,,,,,,,,,,,,,,,,,,,,,,search,,
csr-differential-trace-v1,49,3.19408,reservation_prepare,5,,,,,,,,,reuse,,,,,,,,,,,,0,0,,,
csr-differential-trace-v1,50,3.1969609999999999,reservation_tick,1,,,,,,,,,,,,,,,,,,,,,0,-1,,,
csr-differential-trace-v1,51,3.1969609999999999,reservation_advertise,1,,,,,,,,,,,,,,,,,,,,,0,0,,,
csr-differential-trace-v1,52,3.1969609999999999,tx_start,1,5,ack,1,5,3,128,41,,,,,,,,,,,,,,0,0,short,,
csr-differential-trace-v1,53,3.1969609999999999,mac_state,1,,,,,,,,,,,,,,,,,,,,,,,tx,,
csr-differential-trace-v1,54,3.198,reservation_tick,5,,,,,,,,,,,,,,,,,,,,,0,-1,,,
csr-differential-trace-v1,55,3.198,reservation_advertise,5,,,,,,,,,,,,,,,,,,,,,0,0,,,
csr-differential-trace-v1,56,3.198,tx_start,5,4,ack,5,4,4,128,41,,,,,,,,,,,,,,0,0,short,,
csr-differential-trace-v1,57,3.198,mac_state,5,,,,,,,,,,,,,,,,,,,,,,,tx,,
csr-differential-trace-v1,58,3.2190409999999998,mac_state,1,,,,,,,,,,,,,,,,,,,,,,,search,,
csr-differential-trace-v1,59,3.2190409999999998,reservation_prepare,1,,,,,,,,,reuse,,,,,,,,,,,,0,0,,,
csr-differential-trace-v1,60,3.2200799999999998,mac_state,5,,,,,,,,,,,,,,,,,,,,,,,search,,
csr-differential-trace-v1,61,3.2200799999999998,reservation_prepare,5,,,,,,,,,reuse,,,,,,,,,,,,0,0,,,
csr-differential-trace-v1,62,3.2229610000000002,reservation_tick,1,,,,,,,,,,,,,,,,,,,,,0,-1,,,
csr-differential-trace-v1,63,3.2229610000000002,reservation_advertise,1,,,,,,,,,,,,,,,,,,,,,0,0,,,
csr-differential-trace-v1,64,3.2229610000000002,tx_start,1,5,ack,1,5,3,128,41,,,,,,,,,,,,,,0,0,short,,
csr-differential-trace-v1,65,3.2229610000000002,mac_state,1,,,,,,,,,,,,,,,,,,,,,,,tx,,
csr-differential-trace-v1,66,3.2240000000000002,reservation_tick,5,,,,,,,,,,,,,,,,,,,,,0,-1,,,
csr-differential-trace-v1,67,3.2240000000000002,statistic_sample,5,,,,,,,,,,,,,,,,,,,,,,,,MAC.ACK Queue Size (packets),0
csr-differential-trace-v1,68,3.2240000000000002,reservation_advertise,5,,,,,,,,,,,,,,,,,,,,,0,0,,,
csr-differential-trace-v1,69,3.2240000000000002,tx_start,5,4,ack,5,4,4,128,41,,,,,,,,,,,,,,0,0,short,,
csr-differential-trace-v1,70,3.2240000000000002,mac_state,5,,,,,,,,,,,,,,,,,,,,,,,tx,,
csr-differential-trace-v1,71,3.2450410000000001,mac_state,1,,,,,,,,,,,,,,,,,,,,,,,search,,
csr-differential-trace-v1,72,3.2450410000000001,reservation_prepare,1,,,,,,,,,reuse,,,,,,,,,,,,0,0,,,
csr-differential-trace-v1,73,3.2460800000000001,mac_state,5,,,,,,,,,,,,,,,,,,,,,,,search,,
csr-differential-trace-v1,74,3.248961,reservation_tick,1,,,,,,,,,,,,,,,,,,,,,0,-1,,,
csr-differential-trace-v1,75,3.248961,statistic_sample,1,,,,,,,,,,,,,,,,,,,,,,,,MAC.ACK Queue Size (packets),0
csr-differential-trace-v1,76,3.248961,reservation_advertise,1,,,,,,,,,,,,,,,,,,,,,0,0,,,
csr-differential-trace-v1,77,3.248961,tx_start,1,5,ack,1,5,3,128,41,,,,,,,,,,,,,,0,0,short,,
csr-differential-trace-v1,78,3.248961,mac_state,1,,,,,,,,,,,,,,,,,,,,,,,tx,,
csr-differential-trace-v1,79,3.25,reservation_tick,5,,,,,,,,,,,,,,,,,,,,,0,-1,,,
csr-differential-trace-v1,80,3.2710409999999999,mac_state,1,,,,,,,,,,,,,,,,,,,,,,,search,,
csr-differential-trace-v1,81,3.2749609999999998,reservation_tick,1,,,,,,,,,,,,,,,,,,,,,0,-1,,,
