schema,scenario,statistic,time_s,value,source,unit,aggregation,raw_value,value_status,source_file,source_file_sha256
csr-aggregate-series-v1,csr_t18_r130,Generator.Traffic Sent (packets/sec),60,0,ns3,packets/s,bucket_sum_per_second,,observed,ns3-trace.csv,9df17d7d6c7b62a96e17d517eb0f88d075cbe60a054aee8ec10ad27102b4e332
csr-aggregate-series-v1,csr_t18_r130,Generator.Traffic Sent (packets/sec),120,0,ns3,packets/s,bucket_sum_per_second,,observed,ns3-trace.csv,9df17d7d6c7b62a96e17d517eb0f88d075cbe60a054aee8ec10ad27102b4e332
csr-aggregate-series-v1,csr_t18_r130,Generator.Traffic Sent (packets/sec),180,0,ns3,packets/s,bucket_sum_per_second,,observed,ns3-trace.csv,9df17d7d6c7b62a96e17d517eb0f88d075cbe60a054aee8ec10ad27102b4e332
csr-aggregate-series-v1,csr_t18_r130,Generator.Traffic Sent (packets/sec),240,0,ns3,packets/s,bucket_sum_per_second,,observed,ns3-trace.csv,9df17d7d6c7b62a96e17d517eb0f88d075cbe60a054aee8ec10ad27102b4e332
csr-aggregate-series-v1,csr_t18_r130,Generator.Traffic Sent (packets/sec),300,0,ns3,packets/s,bucket_sum_per_second,,observed,ns3-trace.csv,9df17d7d6c7b62a96e17d517eb0f88d075cbe60a054aee8ec10ad27102b4e332
csr-aggregate-series-v1,csr_t18_r130,Generator.Traffic Sent (packets/sec),360,1.0833333333333333,ns3,packets/s,bucket_sum_per_second,,observed,ns3-trace.csv,9df17d7d6c7b62a96e17d517eb0f88d075cbe60a054aee8ec10ad27102b4e332
csr-aggregate-series-v1,csr_t18_r130,Generator.Traffic Sent (packets/sec),420,0.90000000000000002,ns3,packets/s,bucket_sum_per_second,,observed,ns3-trace.csv,9df17d7d6c7b62a96e17d517eb0f88d075cbe60a054aee8ec10ad27102b4e332
csr-aggregate-series-v1,csr_t18_r130,Generator.Traffic Sent (packets/sec),480,1.0166666666666666,ns3,packets/s,bucket_sum_per_second,,observed,ns3-trace.csv,9df17d7d6c7b62a96e17d517eb0f88d075cbe60a054aee8ec10ad27102b4e332
csr-aggregate-series-v1,csr_t18_r130,Generator.Traffic Sent (packets/sec),540,0.81666666666666665,ns3,packets/s,bucket_sum_per_second,,observed,ns3-trace.csv,9df17d7d6c7b62a96e17d517eb0f88d075cbe60a054aee8ec10ad27102b4e332
csr-aggregate-series-v1,csr_t18_r130,Generator.Traffic Sent (packets/sec),600,0.96666666666666667,ns3,packets/s,bucket_sum_per_second,,observed,ns3-trace.csv,9df17d7d6c7b62a96e17d517eb0f88d075cbe60a054aee8ec10ad27102b4e332
csr-aggregate-series-v1,csr_t18_r130,Generator.Traffic Sent (bits/sec),60,0,ns3,bits/s,bucket_sum_per_second,,observed,ns3-trace.csv,9df17d7d6c7b62a96e17d517eb0f88d075cbe60a054aee8ec10ad27102b4e332
csr-aggregate-series-v1,csr_t18_r130,Generator.Traffic Sent (bits/sec),120,0,ns3,bits/s,bucket_sum_per_second,,observed,ns3-trace.csv,9df17d7d6c7b62a96e17d517eb0f88d075cbe60a054aee8ec10ad27102b4e332
csr-aggregate-series-v1,csr_t18_r130,Generator.Traffic Sent (bits/sec),180,0,ns3,bits/s,bucket_sum_per_second,,observed,ns3-trace.csv,9df17d7d6c7b62a96e17d517eb0f88d075cbe60a054aee8ec10ad27102b4e332
csr-aggregate-series-v1,csr_t18_r130,Generator.Traffic Sent (bits/sec),240,0,ns3,bits/s,bucket_sum_per_second,,observed,ns3-trace.csv,9df17d7d6c7b62a96e17d517eb0f88d075cbe60a054aee8ec10ad27102b4e332
csr-aggregate-series-v1,csr_t18_r130,Generator.Traffic Sent (bits/sec),300,0,ns3,bits/s,bucket_sum_per_second,,observed,ns3-trace.csv,9df17d7d6c7b62a96e17d517eb0f88d075cbe60a054aee8ec10ad27102b4e332
csr-aggregate-series-v1,csr_t18_r130,Generator.Traffic Sent (bits/sec),360,1664,ns3,bits/s,bucket_sum_per_second,,observed,ns3-trace.csv,9df17d7d6c7b62a96e17d517eb0f88d075cbe60a054aee8ec10ad27102b4e332
csr-aggregate-series-v1,csr_t18_r130,Generator.Traffic Sent (bits/sec),420,1382.4000000000001,ns3,bits/s,bucket_sum_per_second,,observed,ns3-trace.csv,9df17d7d6c7b62a96e17d517eb0f88d075cbe60a054aee8ec10ad27102b4e332
csr-aggregate-series-v1,csr_t18_r130,Generator.Traffic Sent (bits/sec),480,1561.5999999999999,ns3,bits/s,bucket_sum_per_second,,observed,ns3-trace.csv,9df17d7d6c7b62a96e17d517eb0f88d075cbe60a054aee8ec10ad27102b4e332
csr-aggregate-series-v1,csr_t18_r130,Generator.Traffic Sent (bits/sec),540,1254.4000000000001,ns3,bits/s,bucket_sum_per_second,,observed,ns3-trace.csv,9df17d7d6c7b62a96e17d517eb0f88d075cbe60a054aee8ec10ad27102b4e332
csr-aggregate-series-v1,csr_t18_r130,Generator.Traffic Sent (bits/sec),600,1484.8,ns3,bits/s,bucket_sum_per_second,,observed,ns3-trace.csv,9df17d7d6c7b62a96e17d517eb0f88d075cbe60a054aee8ec10ad27102b4e332
csr-aggregate-series-v1,csr_t18_r130,Generator.Packet Size (bits),60,,ns3,bits,bucket_sample_mean,,missing,ns3-trace.csv,9df17d7d6c7b62a96e17d517eb0f88d075cbe60a054aee8ec10ad27102b4e332
csr-aggregate-series-v1,csr_t18_r130,Generator.Packet Size (bits),120,,ns3,bits,bucket_sample_mean,,missing,ns3-trace.csv,9df17d7d6c7b62a96e17d517eb0f88d075cbe60a054aee8ec10ad27102b4e332
csr-aggregate-series-v1,csr_t18_r130,Generator.Packet Size (bits),180,,ns3,bits,bucket_sample_mean,,missing,ns3-trace.csv,9df17d7d6c7b62a96e17d517eb0f88d075cbe60a054aee8ec10ad27102b4e332
csr-aggregate-series-v1,csr_t18_r130,Generator.Packet Size (bits),240,,ns3,bits,bucket_sample_mean,,missing,ns3-trace.csv,9df17d7d6c7b62a96e17d517eb0f88d075cbe60a054aee8ec10ad27102b4e332
csr-aggregate-series-v1,csr_t18_r130,Generator.Packet Size (bits),300,,ns3,bits,bucket_sample_mean,,missing,ns3-trace.csv,9df17d7d6c7b62a96e17d517eb0f88d075cbe60a054aee8ec10ad27102b4e332
csr-aggregate-series-v1,csr_t18_r130,Generator.Packet Size (bits),360,1536,ns3,bits,bucket_sample_mean,,observed,ns3-trace.csv,9df17d7d6c7b62a96e17d517eb0f88d075cbe60a054aee8ec10ad27102b4e332
csr-aggregate-series-v1,csr_t18_r130,Generator.Packet Size (bits),420,1536,ns3,bits,bucket_sample_mean,,observed,ns3-trace.csv,9df17d7d6c7b62a96e17d517eb0f88d075cbe60a054aee8ec10ad27102b4e332
csr-aggregate-series-v1,csr_t18_r130,Generator.Packet Size (bits),480,1536,ns3,bits,bucket_sample_mean,,observed,ns3-trace.csv,9df17d7d6c7b62a96e17d517eb0f88d075cbe60a054aee8ec10ad27102b4e332
csr-aggregate-series-v1,csr_t18_r130,Generator.Packet Size (bits),540,1536,ns3,bits,bucket_sample_mean,,observed,ns3-trace.csv,9df17d7d6c7b62a96e17d517eb0f88d075cbe60a054aee8ec10ad27102b4e332
csr-aggregate-series-v1,csr_t18_r130,Generator.Packet Size (bits),600,1536,ns3,bits,bucket_sample_mean,,observed,ns3-trace.csv,9df17d7d6c7b62a96e17d517eb0f88d075cbe60a054aee8ec10ad27102b4e332
csr-aggregate-series-v1,csr_t18_r130,Sink.Traffic Received (packets/sec),60,0,ns3,packets/s,bucket_sum_per_second,,observed,ns3-trace.csv,9df17d7d6c7b62a96e17d517eb0f88d075cbe60a054aee8ec10ad27102b4e332
csr-aggregate-series-v1,csr_t18_r130,Sink.Traffic Received (packets/sec),120,0,ns3,packets/s,bucket_sum_per_second,,observed,ns3-trace.csv,9df17d7d6c7b62a96e17d517eb0f88d075cbe60a054aee8ec10ad27102b4e332
csr-aggregate-series-v1,csr_t18_r130,Sink.Traffic Received (packets/sec),180,0,ns3,packets/s,bucket_sum_per_second,,observed,ns3-trace.csv,9df17d7d6c7b62a96e17d517eb0f88d075cbe60a054aee8ec10ad27102b4e332
csr-aggregate-series-v1,csr_t18_r130,Sink.Traffic Received (packets/sec),240,0,ns3,packets/s,bucket_sum_per_second,,observed,ns3-trace.csv,9df17d7d6c7b62a96e17d517eb0f88d075cbe60a054aee8ec10ad27102b4e332
csr-aggregate-series-v1,csr_t18_r130,Sink.Traffic Received (packets/sec),300,0,ns3,packets/s,bucket_sum_per_second,,observed,ns3-trace.csv,9df17d7d6c7b62a96e17d517eb0f88d075cbe60a054aee8ec10ad27102b4e332
csr-aggregate-series-v1,csr_t18_r130,Sink.Traffic Received (packets/sec),360,0.6333333333333333,ns3,packets/s,bucket_sum_per_second,,observed,ns3-trace.csv,9df17d7d6c7b62a96e17d517eb0f88d075cbe60a054aee8ec10ad27102b4e332
csr-aggregate-series-v1,csr_t18_r130,Sink.Traffic Received (packets/sec),420,0.80000000000000004,ns3,packets/s,bucket_sum_per_second,,observed,ns3-trace.csv,9df17d7d6c7b62a96e17d517eb0f88d075cbe60a054aee8ec10ad27102b4e332
csr-aggregate-series-v1,csr_t18_r130,Sink.Traffic Received (packets/sec),480,0.78333333333333333,ns3,packets/s,bucket_sum_per_second,,observed,ns3-trace.csv,9df17d7d6c7b62a96e17d517eb0f88d075cbe60a054aee8ec10ad27102b4e332
csr-aggregate-series-v1,csr_t18_r130,Sink.Traffic Received (packets/sec),540,1,ns3,packets/s,bucket_sum_per_second,,observed,ns3-trace.csv,9df17d7d6c7b62a96e17d517eb0f88d075cbe60a054aee8ec10ad27102b4e332
csr-aggregate-series-v1,csr_t18_r130,Sink.Traffic Received (packets/sec),600,0.93333333333333335,ns3,packets/s,bucket_sum_per_second,,observed,ns3-trace.csv,9df17d7d6c7b62a96e17d517eb0f88d075cbe60a054aee8ec10ad27102b4e332
csr-aggregate-series-v1,csr_t18_r130,Sink.Traffic Received (packets),60,0,ns3,packets,bucket_sum,,observed,ns3-trace.csv,9df17d7d6c7b62a96e17d517eb0f88d075cbe60a054aee8ec10ad27102b4e332
csr-aggregate-series-v1,csr_t18_r130,Sink.Traffic Received (packets),120,0,ns3,packets,bucket_sum,,observed,ns3-trace.csv,9df17d7d6c7b62a96e17d517eb0f88d075cbe60a054aee8ec10ad27102b4e332
csr-aggregate-series-v1,csr_t18_r130,Sink.Traffic Received (packets),180,0,ns3,packets,bucket_sum,,observed,ns3-trace.csv,9df17d7d6c7b62a96e17d517eb0f88d075cbe60a054aee8ec10ad27102b4e332
csr-aggregate-series-v1,csr_t18_r130,Sink.Traffic Received (packets),240,0,ns3,packets,bucket_sum,,observed,ns3-trace.csv,9df17d7d6c7b62a96e17d517eb0f88d075cbe60a054aee8ec10ad27102b4e332
csr-aggregate-series-v1,csr_t18_r130,Sink.Traffic Received (packets),300,0,ns3,packets,bucket_sum,,observed,ns3-trace.csv,9df17d7d6c7b62a96e17d517eb0f88d075cbe60a054aee8ec10ad27102b4e332
csr-aggregate-series-v1,csr_t18_r130,Sink.Traffic Received (packets),360,38,ns3,packets,bucket_sum,,observed,ns3-trace.csv,9df17d7d6c7b62a96e17d517eb0f88d075cbe60a054aee8ec10ad27102b4e332
csr-aggregate-series-v1,csr_t18_r130,Sink.Traffic Received (packets),420,48,ns3,packets,bucket_sum,,observed,ns3-trace.csv,9df17d7d6c7b62a96e17d517eb0f88d075cbe60a054aee8ec10ad27102b4e332
csr-aggregate-series-v1,csr_t18_r130,Sink.Traffic Received (packets),480,47,ns3,packets,bucket_sum,,observed,ns3-trace.csv,9df17d7d6c7b62a96e17d517eb0f88d075cbe60a054aee8ec10ad27102b4e332
csr-aggregate-series-v1,csr_t18_r130,Sink.Traffic Received (packets),540,60,ns3,packets,bucket_sum,,observed,ns3-trace.csv,9df17d7d6c7b62a96e17d517eb0f88d075cbe60a054aee8ec10ad27102b4e332
csr-aggregate-series-v1,csr_t18_r130,Sink.Traffic Received (packets),600,56,ns3,packets,bucket_sum,,observed,ns3-trace.csv,9df17d7d6c7b62a96e17d517eb0f88d075cbe60a054aee8ec10ad27102b4e332
csr-aggregate-series-v1,csr_t18_r130,Sink.Traffic Received (bits/sec),60,0,ns3,bits/s,bucket_sum_per_second,,observed,ns3-trace.csv,9df17d7d6c7b62a96e17d517eb0f88d075cbe60a054aee8ec10ad27102b4e332
csr-aggregate-series-v1,csr_t18_r130,Sink.Traffic Received (bits/sec),120,0,ns3,bits/s,bucket_sum_per_second,,observed,ns3-trace.csv,9df17d7d6c7b62a96e17d517eb0f88d075cbe60a054aee8ec10ad27102b4e332
csr-aggregate-series-v1,csr_t18_r130,Sink.Traffic Received (bits/sec),180,0,ns3,bits/s,bucket_sum_per_second,,observed,ns3-trace.csv,9df17d7d6c7b62a96e17d517eb0f88d075cbe60a054aee8ec10ad27102b4e332
csr-aggregate-series-v1,csr_t18_r130,Sink.Traffic Received (bits/sec),240,0,ns3,bits/s,bucket_sum_per_second,,observed,ns3-trace.csv,9df17d7d6c7b62a96e17d517eb0f88d075cbe60a054aee8ec10ad27102b4e332
csr-aggregate-series-v1,csr_t18_r130,Sink.Traffic Received (bits/sec),300,0,ns3,bits/s,bucket_sum_per_second,,observed,ns3-trace.csv,9df17d7d6c7b62a96e17d517eb0f88d075cbe60a054aee8ec10ad27102b4e332
csr-aggregate-series-v1,csr_t18_r130,Sink.Traffic Received (bits/sec),360,972.79999999999995,ns3,bits/s,bucket_sum_per_second,,observed,ns3-trace.csv,9df17d7d6c7b62a96e17d517eb0f88d075cbe60a054aee8ec10ad27102b4e332
csr-aggregate-series-v1,csr_t18_r130,Sink.Traffic Received (bits/sec),420,1228.8,ns3,bits/s,bucket_sum_per_second,,observed,ns3-trace.csv,9df17d7d6c7b62a96e17d517eb0f88d075cbe60a054aee8ec10ad27102b4e332
csr-aggregate-series-v1,csr_t18_r130,Sink.Traffic Received (bits/sec),480,1203.2,ns3,bits/s,bucket_sum_per_second,,observed,ns3-trace.csv,9df17d7d6c7b62a96e17d517eb0f88d075cbe60a054aee8ec10ad27102b4e332
csr-aggregate-series-v1,csr_t18_r130,Sink.Traffic Received (bits/sec),540,1536,ns3,bits/s,bucket_sum_per_second,,observed,ns3-trace.csv,9df17d7d6c7b62a96e17d517eb0f88d075cbe60a054aee8ec10ad27102b4e332
csr-aggregate-series-v1,csr_t18_r130,Sink.Traffic Received (bits/sec),600,1433.5999999999999,ns3,bits/s,bucket_sum_per_second,,observed,ns3-trace.csv,9df17d7d6c7b62a96e17d517eb0f88d075cbe60a054aee8ec10ad27102b4e332
csr-aggregate-series-v1,csr_t18_r130,Sink.Traffic Received (bits),60,0,ns3,bits,bucket_sum,,observed,ns3-trace.csv,9df17d7d6c7b62a96e17d517eb0f88d075cbe60a054aee8ec10ad27102b4e332
csr-aggregate-series-v1,csr_t18_r130,Sink.Traffic Received (bits),120,0,ns3,bits,bucket_sum,,observed,ns3-trace.csv,9df17d7d6c7b62a96e17d517eb0f88d075cbe60a054aee8ec10ad27102b4e332
csr-aggregate-series-v1,csr_t18_r130,Sink.Traffic Received (bits),180,0,ns3,bits,bucket_sum,,observed,ns3-trace.csv,9df17d7d6c7b62a96e17d517eb0f88d075cbe60a054aee8ec10ad27102b4e332
csr-aggregate-series-v1,csr_t18_r130,Sink.Traffic Received (bits),240,0,ns3,bits,bucket_sum,,observed,ns3-trace.csv,9df17d7d6c7b62a96e17d517eb0f88d075cbe60a054aee8ec10ad27102b4e332
csr-aggregate-series-v1,csr_t18_r130,Sink.Traffic Received (bits),300,0,ns3,bits,bucket_sum,,observed,ns3-trace.csv,9df17d7d6c7b62a96e17d517eb0f88d075cbe60a054aee8ec10ad27102b4e332
csr-aggregate-series-v1,csr_t18_r130,Sink.Traffic Received (bits),360,58368,ns3,bits,bucket_sum,,observed,ns3-trace.csv,9df17d7d6c7b62a96e17d517eb0f88d075cbe60a054aee8ec10ad27102b4e332
csr-aggregate-series-v1,csr_t18_r130,Sink.Traffic Received (bits),420,73728,ns3,bits,bucket_sum,,observed,ns3-trace.csv,9df17d7d6c7b62a96e17d517eb0f88d075cbe60a054aee8ec10ad27102b4e332
csr-aggregate-series-v1,csr_t18_r130,Sink.Traffic Received (bits),480,72192,ns3,bits,bucket_sum,,observed,ns3-trace.csv,9df17d7d6c7b62a96e17d517eb0f88d075cbe60a054aee8ec10ad27102b4e332
csr-aggregate-series-v1,csr_t18_r130,Sink.Traffic Received (bits),540,92160,ns3,bits,bucket_sum,,observed,ns3-trace.csv,9df17d7d6c7b62a96e17d517eb0f88d075cbe60a054aee8ec10ad27102b4e332
csr-aggregate-series-v1,csr_t18_r130,Sink.Traffic Received (bits),600,86016,ns3,bits,bucket_sum,,observed,ns3-trace.csv,9df17d7d6c7b62a96e17d517eb0f88d075cbe60a054aee8ec10ad27102b4e332
csr-aggregate-series-v1,csr_t18_r130,Sink.End-to-End Delay (seconds),60,,ns3,s,bucket_sample_mean,,missing,ns3-trace.csv,9df17d7d6c7b62a96e17d517eb0f88d075cbe60a054aee8ec10ad27102b4e332
csr-aggregate-series-v1,csr_t18_r130,Sink.End-to-End Delay (seconds),120,,ns3,s,bucket_sample_mean,,missing,ns3-trace.csv,9df17d7d6c7b62a96e17d517eb0f88d075cbe60a054aee8ec10ad27102b4e332
csr-aggregate-series-v1,csr_t18_r130,Sink.End-to-End Delay (seconds),180,,ns3,s,bucket_sample_mean,,missing,ns3-trace.csv,9df17d7d6c7b62a96e17d517eb0f88d075cbe60a054aee8ec10ad27102b4e332
csr-aggregate-series-v1,csr_t18_r130,Sink.End-to-End Delay (seconds),240,,ns3,s,bucket_sample_mean,,missing,ns3-trace.csv,9df17d7d6c7b62a96e17d517eb0f88d075cbe60a054aee8ec10ad27102b4e332
csr-aggregate-series-v1,csr_t18_r130,Sink.End-to-End Delay (seconds),300,,ns3,s,bucket_sample_mean,,missing,ns3-trace.csv,9df17d7d6c7b62a96e17d517eb0f88d075cbe60a054aee8ec10ad27102b4e332
csr-aggregate-series-v1,csr_t18_r130,Sink.End-to-End Delay (seconds),360,30.66737161231579,ns3,s,bucket_sample_mean,,observed,ns3-trace.csv,9df17d7d6c7b62a96e17d517eb0f88d075cbe60a054aee8ec10ad27102b4e332
csr-aggregate-series-v1,csr_t18_r130,Sink.End-to-End Delay (seconds),420,39.564602752666666,ns3,s,bucket_sample_mean,,observed,ns3-trace.csv,9df17d7d6c7b62a96e17d517eb0f88d075cbe60a054aee8ec10ad27102b4e332
csr-aggregate-series-v1,csr_t18_r130,Sink.End-to-End Delay (seconds),480,42.176725979617011,ns3,s,bucket_sample_mean,,observed,ns3-trace.csv,9df17d7d6c7b62a96e17d517eb0f88d075cbe60a054aee8ec10ad27102b4e332
csr-aggregate-series-v1,csr_t18_r130,Sink.End-to-End Delay (seconds),540,38.423061085999997,ns3,s,bucket_sample_mean,,observed,ns3-trace.csv,9df17d7d6c7b62a96e17d517eb0f88d075cbe60a054aee8ec10ad27102b4e332
csr-aggregate-series-v1,csr_t18_r130,Sink.End-to-End Delay (seconds),600,43.009578943142856,ns3,s,bucket_sample_mean,,observed,ns3-trace.csv,9df17d7d6c7b62a96e17d517eb0f88d075cbe60a054aee8ec10ad27102b4e332
csr-aggregate-series-v1,csr_t18_r130,ECC.Traffic Dropped (packets/sec),60,0,ns3,packets/s,bucket_sum_per_second,,observed,ns3-trace.csv,9df17d7d6c7b62a96e17d517eb0f88d075cbe60a054aee8ec10ad27102b4e332
csr-aggregate-series-v1,csr_t18_r130,ECC.Traffic Dropped (packets/sec),120,0,ns3,packets/s,bucket_sum_per_second,,observed,ns3-trace.csv,9df17d7d6c7b62a96e17d517eb0f88d075cbe60a054aee8ec10ad27102b4e332
csr-aggregate-series-v1,csr_t18_r130,ECC.Traffic Dropped (packets/sec),180,0,ns3,packets/s,bucket_sum_per_second,,observed,ns3-trace.csv,9df17d7d6c7b62a96e17d517eb0f88d075cbe60a054aee8ec10ad27102b4e332
csr-aggregate-series-v1,csr_t18_r130,ECC.Traffic Dropped (packets/sec),240,0,ns3,packets/s,bucket_sum_per_second,,observed,ns3-trace.csv,9df17d7d6c7b62a96e17d517eb0f88d075cbe60a054aee8ec10ad27102b4e332
csr-aggregate-series-v1,csr_t18_r130,ECC.Traffic Dropped (packets/sec),300,0,ns3,packets/s,bucket_sum_per_second,,observed,ns3-trace.csv,9df17d7d6c7b62a96e17d517eb0f88d075cbe60a054aee8ec10ad27102b4e332
csr-aggregate-series-v1,csr_t18_r130,ECC.Traffic Dropped (packets/sec),360,0,ns3,packets/s,bucket_sum_per_second,,observed,ns3-trace.csv,9df17d7d6c7b62a96e17d517eb0f88d075cbe60a054aee8ec10ad27102b4e332
csr-aggregate-series-v1,csr_t18_r130,ECC.Traffic Dropped (packets/sec),420,0,ns3,packets/s,bucket_sum_per_second,,observed,ns3-trace.csv,9df17d7d6c7b62a96e17d517eb0f88d075cbe60a054aee8ec10ad27102b4e332
csr-aggregate-series-v1,csr_t18_r130,ECC.Traffic Dropped (packets/sec),480,0,ns3,packets/s,bucket_sum_per_second,,observed,ns3-trace.csv,9df17d7d6c7b62a96e17d517eb0f88d075cbe60a054aee8ec10ad27102b4e332
csr-aggregate-series-v1,csr_t18_r130,ECC.Traffic Dropped (packets/sec),540,0,ns3,packets/s,bucket_sum_per_second,,observed,ns3-trace.csv,9df17d7d6c7b62a96e17d517eb0f88d075cbe60a054aee8ec10ad27102b4e332
csr-aggregate-series-v1,csr_t18_r130,ECC.Traffic Dropped (packets/sec),600,0,ns3,packets/s,bucket_sum_per_second,,observed,ns3-trace.csv,9df17d7d6c7b62a96e17d517eb0f88d075cbe60a054aee8ec10ad27102b4e332
csr-aggregate-series-v1,csr_t18_r130,HOP.Resend Queue Size (packets),60,0.875,ns3,packets,bucket_sample_mean,,observed,ns3-trace.csv,9df17d7d6c7b62a96e17d517eb0f88d075cbe60a054aee8ec10ad27102b4e332
csr-aggregate-series-v1,csr_t18_r130,HOP.Resend Queue Size (packets),120,,ns3,packets,bucket_sample_mean,,missing,ns3-trace.csv,9df17d7d6c7b62a96e17d517eb0f88d075cbe60a054aee8ec10ad27102b4e332
csr-aggregate-series-v1,csr_t18_r130,HOP.Resend Queue Size (packets),180,,ns3,packets,bucket_sample_mean,,missing,ns3-trace.csv,9df17d7d6c7b62a96e17d517eb0f88d075cbe60a054aee8ec10ad27102b4e332
csr-aggregate-series-v1,csr_t18_r130,HOP.Resend Queue Size (packets),240,,ns3,packets,bucket_sample_mean,,missing,ns3-trace.csv,9df17d7d6c7b62a96e17d517eb0f88d075cbe60a054aee8ec10ad27102b4e332
csr-aggregate-series-v1,csr_t18_r130,HOP.Resend Queue Size (packets),300,,ns3,packets,bucket_sample_mean,,missing,ns3-trace.csv,9df17d7d6c7b62a96e17d517eb0f88d075cbe60a054aee8ec10ad27102b4e332
csr-aggregate-series-v1,csr_t18_r130,HOP.Resend Queue Size (packets),360,4.6627218934911241,ns3,packets,bucket_sample_mean,,observed,ns3-trace.csv,9df17d7d6c7b62a96e17d517eb0f88d075cbe60a054aee8ec10ad27102b4e332
csr-aggregate-series-v1,csr_t18_r130,HOP.Resend Queue Size (packets),420,10.405263157894737,ns3,packets,bucket_sample_mean,,observed,ns3-trace.csv,9df17d7d6c7b62a96e17d517eb0f88d075cbe60a054aee8ec10ad27102b4e332
csr-aggregate-series-v1,csr_t18_r130,HOP.Resend Queue Size (packets),480,12.070967741935483,ns3,packets,bucket_sample_mean,,observed,ns3-trace.csv,9df17d7d6c7b62a96e17d517eb0f88d075cbe60a054aee8ec10ad27102b4e332
csr-aggregate-series-v1,csr_t18_r130,HOP.Resend Queue Size (packets),540,11.562162162162162,ns3,packets,bucket_sample_mean,,observed,ns3-trace.csv,9df17d7d6c7b62a96e17d517eb0f88d075cbe60a054aee8ec10ad27102b4e332
csr-aggregate-series-v1,csr_t18_r130,HOP.Resend Queue Size (packets),600,11.308988764044944,ns3,packets,bucket_sample_mean,,observed,ns3-trace.csv,9df17d7d6c7b62a96e17d517eb0f88d075cbe60a054aee8ec10ad27102b4e332
csr-aggregate-series-v1,csr_t18_r130,MAC.ACK Queue Size (packets),60,1.7058823529411764,ns3,packets,bucket_sample_mean,,observed,ns3-trace.csv,9df17d7d6c7b62a96e17d517eb0f88d075cbe60a054aee8ec10ad27102b4e332
csr-aggregate-series-v1,csr_t18_r130,MAC.ACK Queue Size (packets),120,,ns3,packets,bucket_sample_mean,,missing,ns3-trace.csv,9df17d7d6c7b62a96e17d517eb0f88d075cbe60a054aee8ec10ad27102b4e332
csr-aggregate-series-v1,csr_t18_r130,MAC.ACK Queue Size (packets),180,,ns3,packets,bucket_sample_mean,,missing,ns3-trace.csv,9df17d7d6c7b62a96e17d517eb0f88d075cbe60a054aee8ec10ad27102b4e332
csr-aggregate-series-v1,csr_t18_r130,MAC.ACK Queue Size (packets),240,,ns3,packets,bucket_sample_mean,,missing,ns3-trace.csv,9df17d7d6c7b62a96e17d517eb0f88d075cbe60a054aee8ec10ad27102b4e332
csr-aggregate-series-v1,csr_t18_r130,MAC.ACK Queue Size (packets),300,,ns3,packets,bucket_sample_mean,,missing,ns3-trace.csv,9df17d7d6c7b62a96e17d517eb0f88d075cbe60a054aee8ec10ad27102b4e332
csr-aggregate-series-v1,csr_t18_r130,MAC.ACK Queue Size (packets),360,0.5714285714285714,ns3,packets,bucket_sample_mean,,observed,ns3-trace.csv,9df17d7d6c7b62a96e17d517eb0f88d075cbe60a054aee8ec10ad27102b4e332
csr-aggregate-series-v1,csr_t18_r130,MAC.ACK Queue Size (packets),420,0.5,ns3,packets,bucket_sample_mean,,observed,ns3-trace.csv,9df17d7d6c7b62a96e17d517eb0f88d075cbe60a054aee8ec10ad27102b4e332
csr-aggregate-series-v1,csr_t18_r130,MAC.ACK Queue Size (packets),480,0.5,ns3,packets,bucket_sample_mean,,observed,ns3-trace.csv,9df17d7d6c7b62a96e17d517eb0f88d075cbe60a054aee8ec10ad27102b4e332
csr-aggregate-series-v1,csr_t18_r130,MAC.ACK Queue Size (packets),540,0.5,ns3,packets,bucket_sample_mean,,observed,ns3-trace.csv,9df17d7d6c7b62a96e17d517eb0f88d075cbe60a054aee8ec10ad27102b4e332
csr-aggregate-series-v1,csr_t18_r130,MAC.ACK Queue Size (packets),600,0.5,ns3,packets,bucket_sample_mean,,observed,ns3-trace.csv,9df17d7d6c7b62a96e17d517eb0f88d075cbe60a054aee8ec10ad27102b4e332
csr-aggregate-series-v1,csr_t18_r130,MAC.Tx Queue Size (packets),60,0.8928571428571429,ns3,packets,bucket_sample_mean,,observed,ns3-trace.csv,9df17d7d6c7b62a96e17d517eb0f88d075cbe60a054aee8ec10ad27102b4e332
csr-aggregate-series-v1,csr_t18_r130,MAC.Tx Queue Size (packets),120,,ns3,packets,bucket_sample_mean,,missing,ns3-trace.csv,9df17d7d6c7b62a96e17d517eb0f88d075cbe60a054aee8ec10ad27102b4e332
csr-aggregate-series-v1,csr_t18_r130,MAC.Tx Queue Size (packets),180,,ns3,packets,bucket_sample_mean,,missing,ns3-trace.csv,9df17d7d6c7b62a96e17d517eb0f88d075cbe60a054aee8ec10ad27102b4e332
csr-aggregate-series-v1,csr_t18_r130,MAC.Tx Queue Size (packets),240,,ns3,packets,bucket_sample_mean,,missing,ns3-trace.csv,9df17d7d6c7b62a96e17d517eb0f88d075cbe60a054aee8ec10ad27102b4e332
csr-aggregate-series-v1,csr_t18_r130,MAC.Tx Queue Size (packets),300,,ns3,packets,bucket_sample_mean,,missing,ns3-trace.csv,9df17d7d6c7b62a96e17d517eb0f88d075cbe60a054aee8ec10ad27102b4e332
csr-aggregate-series-v1,csr_t18_r130,MAC.Tx Queue Size (packets),360,4.8600000000000003,ns3,packets,bucket_sample_mean,,observed,ns3-trace.csv,9df17d7d6c7b62a96e17d517eb0f88d075cbe60a054aee8ec10ad27102b4e332
csr-aggregate-series-v1,csr_t18_r130,MAC.Tx Queue Size (packets),420,9.132478632478632,ns3,packets,bucket_sample_mean,,observed,ns3-trace.csv,9df17d7d6c7b62a96e17d517eb0f88d075cbe60a054aee8ec10ad27102b4e332
csr-aggregate-series-v1,csr_t18_r130,MAC.Tx Queue Size (packets),480,10.100456621004566,ns3,packets,bucket_sample_mean,,observed,ns3-trace.csv,9df17d7d6c7b62a96e17d517eb0f88d075cbe60a054aee8ec10ad27102b4e332
csr-aggregate-series-v1,csr_t18_r130,MAC.Tx Queue Size (packets),540,9.6331877729257638,ns3,packets,bucket_sample_mean,,observed,ns3-trace.csv,9df17d7d6c7b62a96e17d517eb0f88d075cbe60a054aee8ec10ad27102b4e332
csr-aggregate-series-v1,csr_t18_r130,MAC.Tx Queue Size (packets),600,9.1478260869565222,ns3,packets,bucket_sample_mean,,observed,ns3-trace.csv,9df17d7d6c7b62a96e17d517eb0f88d075cbe60a054aee8ec10ad27102b4e332
csr-aggregate-series-v1,csr_t18_r130,MAC.Tx Queuing Delay (sec),60,0.24415392907142855,ns3,s,bucket_sample_mean,,observed,ns3-trace.csv,9df17d7d6c7b62a96e17d517eb0f88d075cbe60a054aee8ec10ad27102b4e332
csr-aggregate-series-v1,csr_t18_r130,MAC.Tx Queuing Delay (sec),120,,ns3,s,bucket_sample_mean,,missing,ns3-trace.csv,9df17d7d6c7b62a96e17d517eb0f88d075cbe60a054aee8ec10ad27102b4e332
csr-aggregate-series-v1,csr_t18_r130,MAC.Tx Queuing Delay (sec),180,,ns3,s,bucket_sample_mean,,missing,ns3-trace.csv,9df17d7d6c7b62a96e17d517eb0f88d075cbe60a054aee8ec10ad27102b4e332
csr-aggregate-series-v1,csr_t18_r130,MAC.Tx Queuing Delay (sec),240,,ns3,s,bucket_sample_mean,,missing,ns3-trace.csv,9df17d7d6c7b62a96e17d517eb0f88d075cbe60a054aee8ec10ad27102b4e332
csr-aggregate-series-v1,csr_t18_r130,MAC.Tx Queuing Delay (sec),300,,ns3,s,bucket_sample_mean,,missing,ns3-trace.csv,9df17d7d6c7b62a96e17d517eb0f88d075cbe60a054aee8ec10ad27102b4e332
csr-aggregate-series-v1,csr_t18_r130,MAC.Tx Queuing Delay (sec),360,3.4365324616483517,ns3,s,bucket_sample_mean,,observed,ns3-trace.csv,9df17d7d6c7b62a96e17d517eb0f88d075cbe60a054aee8ec10ad27102b4e332
csr-aggregate-series-v1,csr_t18_r130,MAC.Tx Queuing Delay (sec),420,7.6664043715779817,ns3,s,bucket_sample_mean,,observed,ns3-trace.csv,9df17d7d6c7b62a96e17d517eb0f88d075cbe60a054aee8ec10ad27102b4e332
csr-aggregate-series-v1,csr_t18_r130,MAC.Tx Queuing Delay (sec),480,9.1962208358053097,ns3,s,bucket_sample_mean,,observed,ns3-trace.csv,9df17d7d6c7b62a96e17d517eb0f88d075cbe60a054aee8ec10ad27102b4e332
csr-aggregate-series-v1,csr_t18_r130,MAC.Tx Queuing Delay (sec),540,9.5962715657876103,ns3,s,bucket_sample_mean,,observed,ns3-trace.csv,9df17d7d6c7b62a96e17d517eb0f88d075cbe60a054aee8ec10ad27102b4e332
csr-aggregate-series-v1,csr_t18_r130,MAC.Tx Queuing Delay (sec),600,9.1263896677217389,ns3,s,bucket_sample_mean,,observed,ns3-trace.csv,9df17d7d6c7b62a96e17d517eb0f88d075cbe60a054aee8ec10ad27102b4e332
csr-aggregate-series-v1,csr_t18_r130,NWK.Network Queue Size (packets),60,,ns3,packets,bucket_sample_mean,,missing,ns3-trace.csv,9df17d7d6c7b62a96e17d517eb0f88d075cbe60a054aee8ec10ad27102b4e332
csr-aggregate-series-v1,csr_t18_r130,NWK.Network Queue Size (packets),120,,ns3,packets,bucket_sample_mean,,missing,ns3-trace.csv,9df17d7d6c7b62a96e17d517eb0f88d075cbe60a054aee8ec10ad27102b4e332
csr-aggregate-series-v1,csr_t18_r130,NWK.Network Queue Size (packets),180,,ns3,packets,bucket_sample_mean,,missing,ns3-trace.csv,9df17d7d6c7b62a96e17d517eb0f88d075cbe60a054aee8ec10ad27102b4e332
csr-aggregate-series-v1,csr_t18_r130,NWK.Network Queue Size (packets),240,,ns3,packets,bucket_sample_mean,,missing,ns3-trace.csv,9df17d7d6c7b62a96e17d517eb0f88d075cbe60a054aee8ec10ad27102b4e332
csr-aggregate-series-v1,csr_t18_r130,NWK.Network Queue Size (packets),300,,ns3,packets,bucket_sample_mean,,missing,ns3-trace.csv,9df17d7d6c7b62a96e17d517eb0f88d075cbe60a054aee8ec10ad27102b4e332
csr-aggregate-series-v1,csr_t18_r130,NWK.Network Queue Size (packets),360,9.046948356807512,ns3,packets,bucket_sample_mean,,observed,ns3-trace.csv,9df17d7d6c7b62a96e17d517eb0f88d075cbe60a054aee8ec10ad27102b4e332
csr-aggregate-series-v1,csr_t18_r130,NWK.Network Queue Size (packets),420,6.4823008849557526,ns3,packets,bucket_sample_mean,,observed,ns3-trace.csv,9df17d7d6c7b62a96e17d517eb0f88d075cbe60a054aee8ec10ad27102b4e332
csr-aggregate-series-v1,csr_t18_r130,NWK.Network Queue Size (packets),480,7.2247706422018352,ns3,packets,bucket_sample_mean,,observed,ns3-trace.csv,9df17d7d6c7b62a96e17d517eb0f88d075cbe60a054aee8ec10ad27102b4e332
csr-aggregate-series-v1,csr_t18_r130,NWK.Network Queue Size (packets),540,7.7846889952153111,ns3,packets,bucket_sample_mean,,observed,ns3-trace.csv,9df17d7d6c7b62a96e17d517eb0f88d075cbe60a054aee8ec10ad27102b4e332
csr-aggregate-series-v1,csr_t18_r130,NWK.Network Queue Size (packets),600,8.9868421052631575,ns3,packets,bucket_sample_mean,,observed,ns3-trace.csv,9df17d7d6c7b62a96e17d517eb0f88d075cbe60a054aee8ec10ad27102b4e332
csr-aggregate-series-v1,csr_t18_r130,NWK.Network Queuing Delay (sec),60,,ns3,s,bucket_sample_mean,,missing,ns3-trace.csv,9df17d7d6c7b62a96e17d517eb0f88d075cbe60a054aee8ec10ad27102b4e332
csr-aggregate-series-v1,csr_t18_r130,NWK.Network Queuing Delay (sec),120,,ns3,s,bucket_sample_mean,,missing,ns3-trace.csv,9df17d7d6c7b62a96e17d517eb0f88d075cbe60a054aee8ec10ad27102b4e332
csr-aggregate-series-v1,csr_t18_r130,NWK.Network Queuing Delay (sec),180,,ns3,s,bucket_sample_mean,,missing,ns3-trace.csv,9df17d7d6c7b62a96e17d517eb0f88d075cbe60a054aee8ec10ad27102b4e332
csr-aggregate-series-v1,csr_t18_r130,NWK.Network Queuing Delay (sec),240,,ns3,s,bucket_sample_mean,,missing,ns3-trace.csv,9df17d7d6c7b62a96e17d517eb0f88d075cbe60a054aee8ec10ad27102b4e332
csr-aggregate-series-v1,csr_t18_r130,NWK.Network Queuing Delay (sec),300,,ns3,s,bucket_sample_mean,,missing,ns3-trace.csv,9df17d7d6c7b62a96e17d517eb0f88d075cbe60a054aee8ec10ad27102b4e332
csr-aggregate-series-v1,csr_t18_r130,NWK.Network Queuing Delay (sec),360,11.106267458626263,ns3,s,bucket_sample_mean,,observed,ns3-trace.csv,9df17d7d6c7b62a96e17d517eb0f88d075cbe60a054aee8ec10ad27102b4e332
csr-aggregate-series-v1,csr_t18_r130,NWK.Network Queuing Delay (sec),420,10.912440092966103,ns3,s,bucket_sample_mean,,observed,ns3-trace.csv,9df17d7d6c7b62a96e17d517eb0f88d075cbe60a054aee8ec10ad27102b4e332
csr-aggregate-series-v1,csr_t18_r130,NWK.Network Queuing Delay (sec),480,9.8002309518958324,ns3,s,bucket_sample_mean,,observed,ns3-trace.csv,9df17d7d6c7b62a96e17d517eb0f88d075cbe60a054aee8ec10ad27102b4e332
csr-aggregate-series-v1,csr_t18_r130,NWK.Network Queuing Delay (sec),540,10.345780960288289,ns3,s,bucket_sample_mean,,observed,ns3-trace.csv,9df17d7d6c7b62a96e17d517eb0f88d075cbe60a054aee8ec10ad27102b4e332
csr-aggregate-series-v1,csr_t18_r130,NWK.Network Queuing Delay (sec),600,10.996756934785713,ns3,s,bucket_sample_mean,,observed,ns3-trace.csv,9df17d7d6c7b62a96e17d517eb0f88d075cbe60a054aee8ec10ad27102b4e332
