case,source,app_id,due_ns
ok,4,1,0
ok,5,1,0
ok,4,2,0
ok,5,2,0
ok,4,3,0
ok,5,3,0
ok,4,4,0
ok,5,4,0
ok,4,5,0
ok,5,5,0
ok,4,6,0
ok,5,6,0
ok,4,7,0
ok,5,7,0
ok,4,8,0
ok,5,8,0
ok,4,9,0
ok,5,9,0
ok,4,10,0
ok,5,10,0
ok,4,11,0
ok,5,11,0
ok,4,12,0
ok,5,12,0
ok,4,13,0
ok,5,13,0
ok,4,14,0
ok,5,14,0
ok,4,15,0
ok,5,15,0
ok,4,16,0
ok,5,16,0
ok,4,17,0
ok,5,17,0
ok,4,18,0
ok,5,18,0
ok,4,19,0
ok,5,19,0
ok,4,20,0
ok,5,20,0
ok,4,21,1000000000
ok,5,21,1000000000
ok,4,22,2000000000
ok,5,22,2000000000
ok,4,23,3000000000
ok,5,23,3000000000
ok,4,24,4000000000
ok,5,24,4000000000
ok,4,25,5000000000
ok,5,25,5000000000
ok,4,26,6000000000
ok,5,26,6000000000
ok,4,27,7000000000
ok,5,27,7000000000
ok,4,28,8000000000
ok,5,28,8000000000
ok,4,29,9000000000
ok,5,29,9000000000
ok,4,30,10000000000
ok,5,30,10000000000
ok,4,31,11000000000
ok,5,31,11000000000
ok,4,32,12000000000
ok,5,32,12000000000
ok,4,33,13000000000
ok,5,33,13000000000
ok,4,34,14000000000
ok,5,34,14000000000
ok,4,35,15000000000
ok,5,35,15000000000
ok,4,36,16000000000
ok,5,36,16000000000
ok,4,37,17000000000
ok,5,37,17000000000
ok,4,38,18000000000
ok,5,38,18000000000
ok,4,39,19000000000
ok,5,39,19000000000
ok,4,40,20000000000
ok,5,40,20000000000
ok,4,41,21000000000
ok,5,41,21000000000
ok,4,42,22000000000
ok,5,42,22000000000
ok,4,43,23000000000
ok,5,43,23000000000
ok,4,44,24000000000
ok,5,44,24000000000
ok,4,45,25000000000
ok,5,45,25000000000
ok,4,46,26000000000
ok,5,46,26000000000
ok,4,47,27000000000
ok,5,47,27000000000
ok,4,48,28000000000
ok,5,48,28000000000
data,4,1,0
data,5,1,0
data,4,2,0
data,5,2,0
data,4,3,0
data,5,3,0
data,4,4,0
data,5,4,0
data,4,5,0
data,5,5,0
data,4,6,0
data,5,6,0
data,4,7,0
data,5,7,0
data,4,8,0
data,5,8,0
data,4,9,0
data,5,9,0
data,4,10,0
data,5,10,0
data,4,11,0
data,5,11,0
data,4,12,0
data,5,12,0
data,4,13,0
data,5,13,0
data,4,14,0
data,5,14,0
data,4,15,0
data,5,15,0
data,4,16,0
data,5,16,0
data,4,17,0
data,5,17,0
data,4,18,0
data,5,18,0
data,4,19,0
data,5,19,0
data,4,20,0
data,5,20,0
data,4,21,1000000000
data,5,21,1000000000
data,4,22,2000000000
data,5,22,2000000000
data,4,23,3000000000
data,5,23,3000000000
data,4,24,4000000000
data,5,24,4000000000
data,4,25,5000000000
data,5,25,5000000000
data,4,26,6000000000
data,5,26,6000000000
data,4,27,7000000000
data,5,27,7000000000
data,4,28,8000000000
data,5,28,8000000000
data,4,29,9000000000
data,5,29,9000000000
data,4,30,10000000000
data,5,30,10000000000
data,4,31,11000000000
data,5,31,11000000000
data,4,32,12000000000
data,5,32,12000000000
data,4,33,13000000000
data,5,33,13000000000
data,4,34,14000000000
data,5,34,14000000000
data,4,35,15000000000
data,5,35,15000000000
data,4,36,16000000000
data,5,36,16000000000
data,4,37,17000000000
data,5,37,17000000000
data,4,38,18000000000
data,5,38,18000000000
data,4,39,19000000000
data,5,39,19000000000
data,4,40,20000000000
data,5,40,20000000000
data,4,41,21000000000
data,5,41,21000000000
data,4,42,22000000000
data,5,42,22000000000
data,4,43,23000000000
data,5,43,23000000000
data,4,44,24000000000
data,5,44,24000000000
data,4,45,25000000000
data,5,45,25000000000
data,4,46,26000000000
data,5,46,26000000000
data,4,47,27000000000
data,5,47,27000000000
data,4,48,28000000000
data,5,48,28000000000
ack,4,1,0
ack,5,1,0
ack,4,2,0
ack,5,2,0
ack,4,3,0
ack,5,3,0
ack,4,4,0
ack,5,4,0
ack,4,5,0
ack,5,5,0
ack,4,6,0
ack,5,6,0
ack,4,7,0
ack,5,7,0
ack,4,8,0
ack,5,8,0
ack,4,9,0
ack,5,9,0
ack,4,10,0
ack,5,10,0
ack,4,11,0
ack,5,11,0
ack,4,12,0
ack,5,12,0
ack,4,13,0
ack,5,13,0
ack,4,14,0
ack,5,14,0
ack,4,15,0
ack,5,15,0
ack,4,16,0
ack,5,16,0
ack,4,17,0
ack,5,17,0
ack,4,18,0
ack,5,18,0
ack,4,19,0
ack,5,19,0
ack,4,20,0
ack,5,20,0
ack,4,21,1000000000
ack,5,21,1000000000
ack,4,22,2000000000
ack,5,22,2000000000
ack,4,23,3000000000
ack,5,23,3000000000
ack,4,24,4000000000
ack,5,24,4000000000
ack,4,25,5000000000
ack,5,25,5000000000
ack,4,26,6000000000
ack,5,26,6000000000
ack,4,27,7000000000
ack,5,27,7000000000
ack,4,28,8000000000
ack,5,28,8000000000
ack,4,29,9000000000
ack,5,29,9000000000
ack,4,30,10000000000
ack,5,30,10000000000
ack,4,31,11000000000
ack,5,31,11000000000
ack,4,32,12000000000
ack,5,32,12000000000
ack,4,33,13000000000
ack,5,33,13000000000
ack,4,34,14000000000
ack,5,34,14000000000
ack,4,35,15000000000
ack,5,35,15000000000
ack,4,36,16000000000
ack,5,36,16000000000
ack,4,37,17000000000
ack,5,37,17000000000
ack,4,38,18000000000
ack,5,38,18000000000
ack,4,39,19000000000
ack,5,39,19000000000
ack,4,40,20000000000
ack,5,40,20000000000
ack,4,41,21000000000
ack,5,41,21000000000
ack,4,42,22000000000
ack,5,42,22000000000
ack,4,43,23000000000
ack,5,43,23000000000
ack,4,44,24000000000
ack,5,44,24000000000
ack,4,45,25000000000
ack,5,45,25000000000
ack,4,46,26000000000
ack,5,46,26000000000
ack,4,47,27000000000
ack,5,47,27000000000
ack,4,48,28000000000
ack,5,48,28000000000
out,4,1,0
out,5,1,0
out,4,2,0
out,5,2,0
out,4,3,0
out,5,3,0
out,4,4,0
out,5,4,0
out,4,5,0
out,5,5,0
out,4,6,0
out,5,6,0
out,4,7,0
out,5,7,0
out,4,8,0
out,5,8,0
out,4,9,0
out,5,9,0
out,4,10,0
out,5,10,0
out,4,11,0
out,5,11,0
out,4,12,0
out,5,12,0
out,4,13,0
out,5,13,0
out,4,14,0
out,5,14,0
out,4,15,0
out,5,15,0
out,4,16,0
out,5,16,0
out,4,17,0
out,5,17,0
out,4,18,0
out,5,18,0
out,4,19,0
out,5,19,0
out,4,20,0
out,5,20,0
out,4,21,1000000000
out,5,21,1000000000
out,4,22,2000000000
out,5,22,2000000000
out,4,23,3000000000
out,5,23,3000000000
out,4,24,4000000000
out,5,24,4000000000
out,4,25,5000000000
out,5,25,5000000000
out,4,26,6000000000
out,5,26,6000000000
out,4,27,7000000000
out,5,27,7000000000
out,4,28,8000000000
out,5,28,8000000000
out,4,29,9000000000
out,5,29,9000000000
out,4,30,10000000000
out,5,30,10000000000
out,4,31,11000000000
out,5,31,11000000000
out,4,32,12000000000
out,5,32,12000000000
out,4,33,13000000000
out,5,33,13000000000
out,4,34,14000000000
out,5,34,14000000000
out,4,35,15000000000
out,5,35,15000000000
out,4,36,16000000000
out,5,36,16000000000
out,4,37,17000000000
out,5,37,17000000000
out,4,38,18000000000
out,5,38,18000000000
out,4,39,19000000000
out,5,39,19000000000
out,4,40,20000000000
out,5,40,20000000000
out,4,41,21000000000
out,5,41,21000000000
out,4,42,22000000000
out,5,42,22000000000
out,4,43,23000000000
out,5,43,23000000000
out,4,44,24000000000
out,5,44,24000000000
out,4,45,25000000000
out,5,45,25000000000
out,4,46,26000000000
out,5,46,26000000000
out,4,47,27000000000
out,5,47,27000000000
out,4,48,28000000000
out,5,48,28000000000
