time_s,node,nwk_queue,nsdp_3_1,hop_pending_data,hop_resend_queue,mac_queue,mac_ack_queue,selected_route_1,selected_route_cost,active_peer_1,active_peer_2,active_peer_3,inactive_neighbor_drops,post_phy_eligibility_drops,app_deliveries,link_failure_callbacks
0,1,0,0,0,0,0,0,0,,0,0,0,0,0,0,0
0,2,0,0,0,0,0,0,0,,0,0,0,0,0,0,0
0,3,0,0,0,0,0,0,0,,0,0,0,0,0,0,0
5,1,0,0,0,0,0,0,0,,0,0,0,0,0,0,0
5,2,0,0,0,0,0,0,0,,0,0,0,0,0,0,0
5,3,0,0,0,0,0,0,0,,0,0,0,0,0,0,0
10,1,0,0,0,0,0,0,0,,0,0,0,0,0,0,0
10,2,0,0,0,0,0,0,0,,0,0,0,0,0,0,0
10,3,0,0,0,0,0,0,0,,0,0,0,0,0,0,0
15,1,0,0,0,0,4,4,0,,0,1,0,0,0,0,0
15,2,0,0,0,0,0,0,1,6274,1,0,0,0,0,0,0
15,3,0,0,0,0,0,0,0,,0,0,0,0,0,0,0
20,1,0,0,0,0,0,0,0,,0,1,0,0,0,0,0
20,2,0,0,0,0,0,0,1,6274,1,0,0,0,0,0,0
20,3,0,0,0,0,0,0,0,,0,0,0,0,0,0,0
25,1,0,0,0,0,0,0,0,,0,1,0,0,0,0,0
25,2,0,0,0,0,0,0,1,6274,1,0,0,0,0,0,0
25,3,0,0,0,0,0,0,0,,0,0,0,0,0,0,0
30,1,0,0,0,0,2,2,0,,0,1,0,0,0,0,0
30,2,0,0,0,1,6,6,1,6274,1,0,1,0,0,0,0
30,3,0,0,0,0,3,3,1,12548,0,1,0,0,0,0,0
35,1,0,0,0,0,0,0,0,,0,1,0,0,0,0,0
35,2,0,0,0,0,0,0,1,6274,1,0,1,0,0,0,0
35,3,0,0,0,0,0,0,1,12548,0,1,0,0,0,0,0
40,1,0,0,0,0,0,0,0,,0,1,0,0,0,0,0
40,2,0,0,0,0,0,0,1,6274,1,0,1,0,0,0,0
40,3,0,0,0,0,0,0,1,12548,0,1,0,0,0,0,0
45,1,0,0,0,0,0,0,0,,0,1,0,0,0,0,0
45,2,0,0,0,0,0,0,1,6274,1,0,1,0,0,0,0
45,3,0,0,0,0,0,0,1,12548,0,1,0,0,0,0,0
50,1,0,0,0,0,0,0,0,,0,1,0,0,0,0,0
50,2,0,0,0,0,0,0,1,6274,1,0,1,0,0,0,0
50,3,0,0,0,0,0,0,1,12548,0,1,0,0,0,0,0
55,1,0,0,0,0,0,0,0,,0,1,0,0,0,0,0
55,2,0,0,0,0,0,0,1,6274,1,0,1,0,0,0,0
55,3,0,0,0,0,0,0,1,12548,0,1,0,0,0,0,0
60,1,0,0,0,0,0,0,0,,0,1,0,0,0,0,0
60,2,0,0,0,0,0,0,1,6274,1,0,1,0,0,0,0
60,3,0,0,0,0,0,0,1,12548,0,1,0,0,0,0,0
65,1,0,0,0,0,0,0,0,,0,1,0,0,0,0,0
65,2,0,0,0,0,0,0,1,6274,1,0,1,0,0,0,0
65,3,0,0,0,0,0,0,1,12548,0,1,0,0,0,0,0
70,1,0,0,0,0,0,0,0,,0,1,0,0,0,0,0
70,2,0,0,0,0,0,0,1,6274,1,0,1,0,0,0,0
70,3,0,0,0,0,0,0,1,12548,0,1,0,0,0,0,0
75,1,0,0,0,0,0,0,0,,0,1,0,0,0,0,0
75,2,0,0,0,0,0,0,1,6274,1,0,1,0,0,0,0
75,3,0,0,0,0,0,0,1,12548,0,1,0,0,0,0,0
80,1,0,0,0,0,0,0,0,,0,1,0,0,0,0,0
80,2,0,0,0,0,0,0,1,6274,1,0,1,0,0,0,0
80,3,0,0,0,0,0,0,1,12548,0,1,0,0,0,0,0
85,1,0,0,0,0,0,0,0,,0,1,0,0,0,0,0
85,2,0,0,0,0,0,0,1,6274,1,0,1,0,0,0,0
85,3,0,0,0,0,0,0,1,12548,0,1,0,0,0,0,0
90,1,0,0,0,0,0,0,0,,0,1,0,0,0,0,0
90,2,0,0,0,0,0,0,1,6274,1,0,1,0,0,0,0
90,3,0,0,0,0,0,0,1,12548,0,1,0,0,0,0,0
95,1,0,0,0,0,0,0,0,,0,1,0,0,0,0,0
95,2,0,0,0,0,0,0,1,6274,1,0,1,0,0,0,0
95,3,0,0,0,0,0,0,1,12548,0,1,0,0,0,0,0
100,1,0,0,0,0,0,0,0,,0,1,0,0,0,0,0
100,2,0,0,0,0,0,0,1,6274,1,0,1,0,0,0,0
100,3,0,0,0,0,0,0,1,12548,0,1,0,0,0,0,0
105,1,0,0,0,0,0,0,0,,0,1,0,0,0,0,0
105,2,0,0,0,0,0,0,1,6274,1,0,1,0,0,0,0
105,3,0,0,0,0,0,0,1,12548,0,1,0,0,0,0,0
110,1,0,0,0,0,0,0,0,,0,1,0,0,0,0,0
110,2,0,0,0,0,0,0,1,6274,1,0,1,0,0,0,0
110,3,0,0,0,0,0,0,1,12548,0,1,0,0,0,0,0
115,1,0,0,0,0,0,0,0,,0,1,0,0,0,0,0
115,2,0,0,0,0,0,0,1,6274,1,0,1,0,0,0,0
115,3,0,0,0,0,0,0,1,12548,0,1,0,0,0,0,0
120,1,0,0,0,0,0,0,0,,0,1,0,0,0,0,0
120,2,0,0,0,0,0,0,1,6274,1,0,1,0,0,0,0
120,3,0,0,0,0,0,0,1,12548,0,1,0,0,0,0,0
125,1,0,0,0,0,0,0,0,,0,1,0,0,0,0,0
125,2,0,0,0,0,0,0,1,6274,1,0,1,0,0,0,0
125,3,0,0,0,0,0,0,1,12548,0,1,0,0,0,0,0
130,1,0,0,0,0,0,0,0,,0,1,0,0,0,0,0
130,2,0,0,0,0,0,0,1,6274,1,0,1,0,0,0,0
130,3,0,0,0,0,0,0,1,12548,0,1,0,0,0,0,0
135,1,0,0,0,0,0,0,0,,0,1,0,0,0,0,0
135,2,0,0,0,0,0,0,1,6274,1,0,1,0,0,0,0
135,3,0,0,0,0,0,0,1,12548,0,1,0,0,0,0,0
140,1,0,0,0,0,0,0,0,,0,1,0,0,0,0,0
140,2,0,0,0,0,0,0,1,6274,1,0,1,0,0,0,0
140,3,0,0,0,0,0,0,1,12548,0,1,0,0,0,0,0
145,1,0,0,0,0,0,0,0,,0,1,0,0,0,0,0
145,2,0,0,0,0,0,0,1,6274,1,0,1,0,0,0,0
145,3,0,0,0,0,0,0,1,12548,0,1,0,0,0,0,0
150,1,0,0,0,0,0,0,0,,0,1,0,0,0,0,0
150,2,0,0,0,0,0,0,1,6274,1,0,1,0,0,0,0
150,3,0,0,0,0,0,0,1,12548,0,1,0,0,0,0,0
155,1,0,0,0,0,0,0,0,,0,1,0,0,0,0,0
155,2,0,0,0,0,0,0,1,6274,1,0,1,0,0,0,0
155,3,0,0,0,0,0,0,1,12548,0,1,0,0,0,0,0
160,1,0,0,0,0,0,0,0,,0,1,0,0,0,0,0
160,2,0,0,0,0,0,0,1,6274,1,0,1,0,0,0,0
160,3,0,0,0,0,0,0,1,12548,0,1,0,0,0,0,0
165,1,0,0,0,0,0,0,0,,0,1,0,0,0,0,0
165,2,0,0,0,0,0,0,1,6274,1,0,1,0,0,0,0
165,3,0,0,0,0,0,0,1,12548,0,1,0,0,0,0,0
170,1,0,0,0,0,0,0,0,,0,1,0,0,0,0,0
170,2,0,0,0,0,0,0,1,6274,1,0,1,0,0,0,0
170,3,0,0,0,0,0,0,1,12548,0,1,0,0,0,0,0
175,1,0,0,0,0,0,0,0,,0,1,0,0,0,0,0
175,2,0,0,0,0,0,0,1,6274,1,0,1,0,0,0,0
175,3,0,0,0,0,0,0,1,12548,0,1,0,0,0,0,0
180,1,0,0,0,0,0,0,0,,0,1,0,0,0,0,0
180,2,0,0,0,0,0,0,1,6274,1,0,1,0,0,0,0
180,3,0,0,0,0,0,0,1,12548,0,1,0,0,0,0,0
185,1,0,0,0,0,0,0,0,,0,1,0,0,0,0,0
185,2,0,0,0,0,0,0,1,6274,1,0,1,0,0,0,0
185,3,0,0,0,0,0,0,1,12548,0,1,0,0,0,0,0
190,1,0,0,0,0,0,0,0,,0,1,0,0,0,0,0
190,2,0,0,0,0,0,0,1,6274,1,0,1,0,0,0,0
190,3,0,0,0,0,0,0,1,12548,0,1,0,0,0,0,0
195,1,0,0,0,0,0,0,0,,0,1,0,0,0,0,0
195,2,0,0,0,0,0,0,1,6274,1,0,1,0,0,0,0
195,3,0,0,0,0,0,0,1,12548,0,1,0,0,0,0,0
200,1,0,0,0,0,0,0,0,,0,1,0,0,0,0,0
200,2,0,0,0,0,0,0,1,6274,1,0,1,0,0,0,0
200,3,0,0,0,0,0,0,1,12548,0,1,0,0,0,0,0
205,1,0,0,0,0,0,0,0,,0,1,0,0,0,0,0
205,2,0,0,0,0,0,0,1,6274,1,0,1,0,0,0,0
205,3,0,0,0,0,0,0,1,12548,0,1,0,0,0,0,0
210,1,0,0,0,0,0,0,0,,0,1,0,0,0,0,0
210,2,0,0,0,0,0,0,1,6274,1,0,1,0,0,0,0
210,3,0,0,0,0,0,0,1,12548,0,1,0,0,0,0,0
215,1,0,0,0,0,0,0,0,,0,1,0,0,0,0,0
215,2,0,0,0,0,0,0,1,6274,1,0,1,0,0,0,0
215,3,0,0,0,0,0,0,1,12548,0,1,0,0,0,0,0
220,1,0,0,0,0,0,0,0,,0,1,0,0,0,0,0
220,2,0,0,0,0,0,0,1,6274,1,0,1,0,0,0,0
220,3,0,0,0,0,0,0,1,12548,0,1,0,0,0,0,0
225,1,0,0,0,0,0,0,0,,0,1,0,0,0,0,0
225,2,0,0,0,0,0,0,1,6274,1,0,1,0,0,0,0
225,3,0,0,0,0,0,0,1,12548,0,1,0,0,0,0,0
230,1,0,0,0,0,0,0,0,,0,1,0,0,0,0,0
230,2,0,0,0,0,0,0,1,6274,1,0,1,0,0,0,0
230,3,0,0,0,0,0,0,1,12548,0,1,0,0,0,0,0
235,1,0,0,0,0,0,0,0,,0,1,0,0,0,0,0
235,2,0,0,0,0,0,0,1,6274,1,0,1,0,0,0,0
235,3,0,0,0,0,0,0,1,12548,0,1,0,0,0,0,0
240,1,0,0,0,0,0,0,0,,0,1,0,0,0,0,0
240,2,0,0,0,0,0,0,1,6274,1,0,1,0,0,0,0
240,3,0,0,0,0,0,0,1,12548,0,1,0,0,0,0,0
245,1,0,0,0,0,0,0,0,,0,0,0,0,0,0,0
245,2,0,0,0,0,0,0,0,,0,0,1,0,0,0,0
245,3,0,0,0,0,0,0,1,12548,0,1,0,0,0,0,0
250,1,0,0,0,0,4,4,0,,0,1,0,0,0,0,0
250,2,0,0,0,3,6,4,1,6274,1,0,1,0,0,0,0
250,3,0,0,0,2,2,2,1,12548,0,1,0,0,0,0,0
255,1,0,0,0,0,0,0,0,,0,1,0,0,0,0,0
255,2,0,0,0,0,0,0,1,6274,1,0,1,0,0,0,0
255,3,0,0,0,0,0,0,1,12548,0,1,0,0,0,0,0
260,1,0,0,0,0,0,0,0,,0,1,0,0,0,0,0
260,2,0,0,0,0,0,0,1,6274,1,0,1,0,0,0,0
260,3,0,0,0,0,0,0,1,12548,0,1,0,0,0,0,0
265,1,0,0,0,0,0,0,0,,0,1,0,0,0,0,0
265,2,0,0,0,0,0,0,1,6274,1,0,1,0,0,0,0
265,3,0,0,0,0,0,0,1,12548,0,1,0,0,0,0,0
270,1,0,0,0,0,0,0,0,,0,1,0,0,0,0,0
270,2,0,0,0,0,0,0,1,6274,1,0,1,0,0,0,0
270,3,0,0,0,0,0,0,1,12548,0,1,0,0,0,0,0
275,1,0,0,0,0,0,0,0,,0,1,0,0,0,0,0
275,2,0,0,0,0,0,0,1,6274,1,0,1,0,0,0,0
275,3,0,0,0,0,0,0,1,12548,0,1,0,0,0,0,0
280,1,0,0,0,0,0,0,0,,0,1,0,0,0,0,0
280,2,0,0,0,0,0,0,1,6274,1,0,1,0,0,0,0
280,3,0,0,0,0,0,0,1,12548,0,1,0,0,0,0,0
285,1,0,0,0,0,0,0,0,,0,1,0,0,0,0,0
285,2,0,0,0,0,0,0,1,6274,1,0,1,0,0,0,0
285,3,0,0,0,0,0,0,1,12548,0,1,0,0,0,0,0
290,1,0,0,0,0,0,0,0,,0,1,0,0,0,0,0
290,2,0,0,0,0,0,0,1,6274,1,0,1,0,0,0,0
290,3,0,0,0,0,0,0,1,12548,0,1,0,0,0,0,0
295,1,0,0,0,0,0,0,0,,0,1,0,0,0,0,0
295,2,0,0,0,0,0,0,1,6274,1,0,1,0,0,0,0
295,3,0,0,0,0,0,0,1,12548,0,1,0,0,0,0,0
300,1,0,0,0,0,0,0,0,,0,1,0,0,0,0,0
300,2,0,0,0,0,0,0,1,6274,1,0,1,0,0,0,0
300,3,0,0,0,0,0,0,1,12548,0,1,0,0,0,0,0
305,1,0,0,0,0,0,0,0,,0,1,0,0,0,0,0
305,2,0,0,0,0,0,0,1,6274,1,0,1,0,0,0,0
305,3,0,0,0,0,0,0,1,12548,0,1,0,0,0,0,0
310,1,0,0,0,0,0,0,0,,0,1,0,0,0,0,0
310,2,0,0,0,0,0,0,1,6274,1,0,1,0,0,0,0
310,3,0,0,0,0,0,0,1,12548,0,1,0,0,0,0,0
315,1,0,0,0,0,0,0,0,,0,1,0,0,0,0,0
315,2,0,0,0,0,0,0,1,6274,1,0,1,0,0,0,0
315,3,0,0,0,0,0,0,1,12548,0,1,0,0,0,0,0
320,1,0,0,0,0,0,0,0,,0,1,0,0,0,0,0
320,2,0,0,0,0,0,0,1,6274,1,0,1,0,0,0,0
320,3,0,0,0,0,0,0,1,12548,0,1,0,0,0,0,0
325,1,0,0,0,0,0,0,0,,0,1,0,0,0,0,0
325,2,0,0,0,0,0,0,1,6274,1,0,1,0,0,0,0
325,3,0,0,0,0,0,0,1,12548,0,1,0,0,0,0,0
330,1,0,0,0,0,0,0,0,,0,1,0,0,0,0,0
330,2,0,0,0,0,0,0,1,6274,1,0,1,0,0,0,0
330,3,0,0,0,0,0,0,1,12548,0,1,0,0,0,0,0
335,1,0,0,0,0,0,0,0,,0,1,0,0,0,0,0
335,2,0,0,0,0,0,0,1,6274,1,0,1,0,0,0,0
335,3,0,0,0,0,0,0,1,12548,0,1,0,0,0,0,0
340,1,0,0,0,0,0,0,0,,0,1,0,0,0,0,0
340,2,0,0,0,0,0,0,1,6274,1,0,1,0,0,0,0
340,3,0,0,0,0,0,0,1,12548,0,1,0,0,0,0,0
345,1,0,0,0,0,0,0,0,,0,1,0,0,0,0,0
345,2,0,0,0,0,0,0,1,6274,1,0,1,0,0,0,0
345,3,0,0,0,0,0,0,1,12548,0,1,0,0,0,0,0
350,1,0,0,0,0,0,0,0,,0,1,0,0,0,0,0
350,2,0,0,0,0,0,0,1,6274,1,0,1,0,0,0,0
350,3,0,0,0,0,0,0,1,12548,0,1,0,0,0,0,0
355,1,0,0,0,0,0,0,0,,0,1,0,0,0,0,0
355,2,0,0,0,0,0,0,1,6274,1,0,1,0,0,0,0
355,3,0,0,0,0,0,0,1,12548,0,1,0,0,0,0,0
360,1,0,0,0,0,0,0,0,,0,1,0,0,0,0,0
360,2,0,0,0,0,0,0,1,6274,1,0,1,0,0,0,0
360,3,0,0,0,0,0,0,1,12548,0,1,0,0,0,0,0
365,1,0,0,0,0,0,0,0,,0,1,0,0,0,0,0
365,2,0,0,0,0,0,0,1,6274,1,0,1,0,0,0,0
365,3,0,0,0,0,0,0,1,12548,0,1,0,0,0,0,0
370,1,0,0,0,0,0,0,0,,0,1,0,0,0,0,0
370,2,0,0,0,0,0,0,1,6274,1,0,1,0,0,0,0
370,3,0,0,0,0,0,0,1,12548,0,1,0,0,0,0,0
375,1,0,0,0,0,0,0,0,,0,1,0,0,0,0,0
375,2,0,0,0,0,0,0,1,6274,1,0,1,0,0,0,0
375,3,0,0,0,0,0,0,1,12548,0,1,0,0,0,0,0
380,1,0,0,0,0,0,0,0,,0,1,0,0,0,0,0
380,2,0,0,0,0,0,0,1,6274,1,0,1,0,0,0,0
380,3,0,0,0,0,0,0,1,12548,0,1,0,0,0,0,0
385,1,0,0,0,0,0,0,0,,0,1,0,0,0,0,0
385,2,0,0,0,0,0,0,1,6274,1,0,1,0,0,0,0
385,3,0,0,0,0,0,0,1,12548,0,1,0,0,0,0,0
390,1,0,0,0,0,0,0,0,,0,1,0,0,0,0,0
390,2,0,0,0,0,0,0,1,6274,1,0,1,0,0,0,0
390,3,0,0,0,0,0,0,1,12548,0,1,0,0,0,0,0
395,1,0,0,0,0,0,0,0,,0,1,0,0,0,0,0
395,2,0,0,0,0,0,0,1,6274,1,0,1,0,0,0,0
395,3,0,0,0,0,0,0,1,12548,0,1,0,0,0,0,0
400,1,0,0,0,0,0,0,0,,0,1,0,0,0,0,0
400,2,0,0,0,0,0,0,1,6274,1,0,1,0,0,0,0
400,3,0,0,0,0,0,0,1,12548,0,1,0,0,0,0,0
405,1,0,0,0,0,0,0,0,,0,1,0,0,0,0,0
405,2,0,0,0,0,0,0,1,6274,1,0,1,0,0,0,0
405,3,0,0,0,0,0,0,1,12548,0,1,0,0,0,0,0
410,1,0,0,0,0,0,0,0,,0,1,0,0,0,0,0
410,2,0,0,0,0,0,0,1,6274,1,0,1,0,0,0,0
410,3,0,0,0,0,0,0,1,12548,0,1,0,0,0,0,0
415,1,0,0,0,0,0,0,0,,0,1,0,0,0,0,0
415,2,0,0,0,0,0,0,1,6274,1,0,1,0,0,0,0
415,3,0,0,0,0,0,0,1,12548,0,1,0,0,0,0,0
420,1,0,0,0,0,0,0,0,,0,1,0,0,0,0,0
420,2,0,0,0,0,0,0,1,6274,1,0,1,0,0,0,0
420,3,0,0,0,0,0,0,1,12548,0,1,0,0,0,0,0
425,1,0,0,0,0,0,0,0,,0,1,0,0,0,0,0
425,2,0,0,0,0,0,0,1,6274,1,0,1,0,0,0,0
425,3,0,0,0,0,0,0,1,12548,0,1,0,0,0,0,0
430,1,0,0,0,0,0,0,0,,0,1,0,0,0,0,0
430,2,0,0,0,0,0,0,1,6274,1,0,1,0,0,0,0
430,3,0,0,0,0,0,0,1,12548,0,1,0,0,0,0,0
435,1,0,0,0,0,0,0,0,,0,1,0,0,0,0,0
435,2,0,0,0,0,0,0,1,6274,1,0,1,0,0,0,0
435,3,0,0,0,0,0,0,1,12548,0,1,0,0,0,0,0
440,1,0,0,0,0,0,0,0,,0,1,0,0,0,0,0
440,2,0,0,0,0,0,0,1,6274,1,0,1,0,0,0,0
440,3,0,0,0,0,0,0,1,12548,0,1,0,0,0,0,0
445,1,0,0,0,0,0,0,0,,0,1,0,0,0,0,0
445,2,0,0,0,0,0,0,1,6274,1,0,1,0,0,0,0
445,3,0,0,0,0,0,0,1,12548,0,1,0,0,0,0,0
450,1,0,0,0,0,0,0,0,,0,1,0,0,0,0,0
450,2,0,0,0,0,0,0,1,6274,1,0,1,0,0,0,0
450,3,1,1,0,0,0,0,1,12548,0,1,0,0,0,0,0
455,1,0,0,0,0,0,0,0,,0,1,0,0,0,0,0
455,2,0,0,0,0,0,0,1,6274,1,0,1,0,2,0,0
455,3,0,1,1,1,0,0,1,12548,0,1,0,0,0,0,0
460,1,0,0,0,0,0,0,0,,0,1,0,0,0,0,0
460,2,0,0,0,0,0,0,1,6274,1,0,1,0,3,0,0
460,3,0,0,0,0,0,0,1,12548,0,1,0,0,0,0,0
465,1,0,0,0,0,0,0,0,,0,1,0,0,0,0,0
465,2,0,0,0,0,0,0,1,6274,1,0,1,0,3,0,0
465,3,0,0,0,0,0,0,1,12548,0,1,0,0,0,0,0
470,1,0,0,0,0,0,0,0,,0,1,0,0,0,0,0
470,2,0,0,0,0,0,0,1,6274,1,0,1,0,3,0,0
470,3,0,0,0,0,0,0,1,12548,0,1,0,0,0,0,0
475,1,0,0,0,0,0,0,0,,0,1,0,0,0,0,0
475,2,0,0,0,0,0,0,1,6274,1,0,1,0,3,0,0
475,3,0,0,0,0,0,0,1,12548,0,1,0,0,0,0,0
480,1,0,0,0,0,0,0,0,,0,1,0,0,0,0,0
480,2,0,0,0,0,0,0,1,6274,1,0,1,0,3,0,0
480,3,0,0,0,0,0,0,1,12548,0,1,0,0,0,0,0
485,1,0,0,0,0,0,0,0,,0,1,0,0,0,0,0
485,2,0,0,0,0,0,0,1,6274,1,0,1,0,3,0,0
485,3,0,0,0,0,0,0,1,12548,0,1,0,0,0,0,0
490,1,0,0,0,0,0,0,0,,0,1,0,0,0,0,0
490,2,0,0,0,0,0,0,1,6274,1,0,1,0,5,0,0
490,3,0,1,1,1,0,0,1,12548,0,1,0,0,0,0,0
495,1,0,0,0,0,0,0,0,,0,1,0,0,0,0,0
495,2,0,0,0,0,0,0,1,6274,1,0,1,0,6,0,0
495,3,0,0,0,0,0,0,1,12548,0,1,0,0,0,0,0
500,1,0,0,0,0,0,0,0,,0,1,0,0,0,0,0
500,2,0,0,0,0,0,0,1,6274,1,0,1,0,6,0,0
500,3,0,0,0,0,0,0,1,12548,0,1,0,0,0,0,0
505,1,0,0,0,0,0,0,0,,0,1,0,0,0,0,0
505,2,0,0,0,0,0,0,1,6274,1,0,1,0,6,0,0
505,3,0,0,0,0,0,0,1,12548,0,1,0,0,0,0,0
510,1,0,0,0,0,0,0,0,,0,1,0,0,0,0,0
510,2,0,0,0,0,0,0,1,6274,1,0,1,0,6,0,0
510,3,0,0,0,0,0,0,1,12548,0,1,0,0,0,0,0
515,1,0,0,0,0,0,0,0,,0,1,0,0,0,0,0
515,2,0,0,0,0,0,0,1,6274,1,0,1,0,6,0,0
515,3,0,0,0,0,0,0,1,12548,0,1,0,0,0,0,0
520,1,0,0,0,0,0,0,0,,0,0,0,0,0,0,0
520,2,0,0,0,0,0,0,0,,0,0,1,0,6,0,0
520,3,0,0,0,0,0,0,1,12548,0,1,0,0,0,0,0
525,1,0,0,0,0,0,0,0,,0,0,0,0,3,0,0
525,2,0,0,0,1,1,0,0,,0,0,0,0,8,0,0
525,3,0,1,1,1,0,0,0,,0,0,0,0,3,0,0
530,1,0,0,0,0,0,0,0,,0,0,0,0,5,0,0
530,2,0,0,0,0,0,0,0,,0,0,0,0,10,0,0
530,3,0,1,1,1,0,0,0,,0,0,0,0,5,0,0
535,1,0,0,0,0,0,0,0,,0,0,0,0,5,0,0
535,2,0,0,0,0,0,0,0,,0,0,0,0,10,0,0
535,3,0,0,0,0,0,0,0,,0,0,0,0,5,0,0
540,1,0,0,0,0,0,0,0,,0,0,0,0,5,0,0
540,2,0,0,0,0,0,0,0,,0,0,0,0,10,0,0
540,3,0,0,0,0,0,0,0,,0,0,0,0,5,0,0
545,1,0,0,0,0,0,0,0,,0,0,0,0,5,0,0
545,2,0,0,0,0,0,0,0,,0,0,0,0,10,0,0
545,3,0,0,0,0,0,0,0,,0,0,0,0,5,0,0
550,1,0,0,0,0,0,0,0,,0,0,0,0,5,0,0
550,2,0,0,0,0,0,0,0,,0,0,0,0,10,0,0
550,3,0,0,0,0,0,0,0,,0,0,0,0,5,0,0
555,1,0,0,0,0,0,0,0,,0,0,0,0,5,0,0
555,2,0,0,0,0,0,0,0,,0,0,0,0,10,0,0
555,3,0,0,0,0,0,0,0,,0,0,0,0,5,0,0
560,1,0,0,0,0,0,0,0,,0,0,0,0,5,0,0
560,2,0,0,0,0,0,0,0,,0,0,0,0,10,0,0
560,3,1,1,0,0,0,0,0,,0,0,0,0,5,0,0
565,1,0,0,0,0,0,0,0,,0,0,0,0,5,0,0
565,2,0,0,0,0,0,0,0,,0,0,0,0,10,0,0
565,3,1,1,0,0,0,0,0,,0,0,0,0,5,0,0
570,1,0,0,0,0,0,0,0,,0,0,0,0,5,0,0
570,2,0,0,0,0,0,0,0,,0,0,0,0,10,0,0
570,3,1,1,0,0,0,0,0,,0,0,0,0,5,0,0
575,1,0,0,0,0,0,0,0,,0,0,0,0,5,0,0
575,2,0,0,0,0,0,0,0,,0,0,0,0,10,0,0
575,3,1,1,0,0,0,0,0,,0,0,0,0,5,0,0
580,1,0,0,0,1,4,3,0,,0,1,0,0,5,0,0
580,2,0,0,0,2,2,2,1,6274,1,0,0,0,10,0,0
580,3,1,1,0,0,0,0,0,,0,0,0,0,5,0,0
585,1,0,0,0,1,2,2,0,,0,1,0,0,5,0,0
585,2,0,0,0,1,5,5,1,6274,1,0,1,0,10,0,0
585,3,0,1,1,1,3,3,1,12548,0,1,0,0,5,0,0
590,1,0,0,0,0,0,0,0,,0,1,0,0,5,1,0
590,2,0,0,0,0,0,0,1,6274,1,0,1,0,10,0,0
590,3,0,0,0,0,1,1,1,12548,0,1,0,0,5,0,0
595,1,0,0,0,0,1,1,0,,0,1,0,0,5,1,0
595,2,0,0,0,0,2,2,1,6274,1,0,1,0,10,0,0
595,3,0,1,1,1,0,0,1,12548,0,1,0,0,5,0,0
600,1,0,0,0,0,0,0,0,,0,1,0,0,5,2,0
600,2,0,0,0,0,0,0,1,6274,1,0,1,0,10,0,0
600,3,0,0,0,0,0,0,1,12548,0,1,0,0,5,0,0
605,1,0,0,0,0,0,0,0,,0,1,0,0,5,2,0
605,2,0,0,0,0,0,0,1,6274,1,0,1,0,10,0,0
605,3,0,0,0,0,0,0,1,12548,0,1,0,0,5,0,0
610,1,0,0,0,0,0,0,0,,0,1,0,0,5,2,0
610,2,0,0,0,0,0,0,1,6274,1,0,1,0,10,0,0
610,3,0,0,0,0,0,0,1,12548,0,1,0,0,5,0,0
615,1,0,0,0,0,0,0,0,,0,1,0,0,5,2,0
615,2,0,0,0,0,0,0,1,6274,1,0,1,0,10,0,0
615,3,0,0,0,0,0,0,1,12548,0,1,0,0,5,0,0
620,1,0,0,0,0,0,0,0,,0,1,0,0,5,2,0
620,2,0,0,0,0,0,0,1,6274,1,0,1,0,10,0,0
620,3,0,0,0,0,0,0,1,12548,0,1,0,0,5,0,0
625,1,0,0,0,0,0,0,0,,0,1,0,0,5,2,0
625,2,0,0,0,0,0,0,1,6274,1,0,1,0,10,0,0
625,3,0,0,0,0,0,0,1,12548,0,1,0,0,5,0,0
630,1,0,0,0,0,0,0,0,,0,1,0,0,5,2,0
630,2,0,0,0,0,0,0,1,6274,1,0,1,0,10,0,0
630,3,0,0,0,0,0,0,1,12548,0,1,0,0,5,0,0
635,1,0,0,0,0,0,0,0,,0,1,0,0,5,2,0
635,2,0,0,0,0,0,0,1,6274,1,0,1,0,10,0,0
635,3,0,0,0,0,0,0,1,12548,0,1,0,0,5,0,0
640,1,0,0,0,0,0,0,0,,0,1,0,0,5,2,0
640,2,0,0,0,0,0,0,1,6274,1,0,1,0,10,0,0
640,3,0,0,0,0,0,0,1,12548,0,1,0,0,5,0,0
645,1,0,0,0,0,0,0,0,,0,1,0,0,5,2,0
645,2,0,0,0,0,0,0,1,6274,1,0,1,0,10,0,0
645,3,0,0,0,0,0,0,1,12548,0,1,0,0,5,0,0
650,1,0,0,0,0,0,0,0,,0,1,0,0,5,2,0
650,2,0,0,0,0,0,0,1,6274,1,0,1,0,10,0,0
650,3,0,0,0,0,0,0,1,12548,0,1,0,0,5,0,0
655,1,0,0,0,0,0,0,0,,0,1,0,0,5,2,0
655,2,0,0,0,0,0,0,1,6274,1,0,1,0,10,0,0
655,3,0,0,0,0,0,0,1,12548,0,1,0,0,5,0,0
660,1,0,0,0,0,0,0,0,,0,1,0,0,5,2,0
660,2,0,0,0,0,0,0,1,6274,1,0,1,0,10,0,0
660,3,0,0,0,0,0,0,1,12548,0,1,0,0,5,0,0
665,1,0,0,0,0,0,0,0,,0,1,0,0,5,2,0
665,2,0,0,0,0,0,0,1,6274,1,0,1,0,10,0,0
665,3,0,0,0,0,0,0,1,12548,0,1,0,0,5,0,0
670,1,0,0,0,0,0,0,0,,0,1,0,0,5,2,0
670,2,0,0,0,0,0,0,1,6274,1,0,1,0,10,0,0
670,3,0,0,0,0,0,0,1,12548,0,1,0,0,5,0,0
675,1,0,0,0,0,0,0,0,,0,1,0,0,5,2,0
675,2,0,0,0,0,0,0,1,6274,1,0,1,0,10,0,0
675,3,0,0,0,0,0,0,1,12548,0,1,0,0,5,0,0
680,1,0,0,0,0,0,0,0,,0,1,0,0,5,2,0
680,2,0,0,0,0,0,0,1,6274,1,0,1,0,10,0,0
680,3,0,0,0,0,0,0,1,12548,0,1,0,0,5,0,0
685,1,0,0,0,0,0,0,0,,0,1,0,0,5,2,0
685,2,0,0,0,0,0,0,1,6274,1,0,1,0,10,0,0
685,3,0,0,0,0,0,0,1,12548,0,1,0,0,5,0,0
690,1,0,0,0,0,0,0,0,,0,1,0,0,5,2,0
690,2,0,0,0,0,0,0,1,6274,1,0,1,0,10,0,0
690,3,0,0,0,0,0,0,1,12548,0,1,0,0,5,0,0
695,1,0,0,0,0,0,0,0,,0,1,0,0,5,2,0
695,2,0,0,0,0,0,0,1,6274,1,0,1,0,10,0,0
695,3,0,0,0,0,0,0,1,12548,0,1,0,0,5,0,0
700,1,0,0,0,0,0,0,0,,0,1,0,0,5,2,0
700,2,0,0,0,0,0,0,1,6274,1,0,1,0,10,0,0
700,3,0,0,0,0,0,0,1,12548,0,1,0,0,5,0,0
705,1,0,0,0,0,0,0,0,,0,1,0,0,5,2,0
705,2,0,0,0,0,0,0,1,6274,1,0,1,0,10,0,0
705,3,0,0,0,0,0,0,1,12548,0,1,0,0,5,0,0
710,1,0,0,0,0,0,0,0,,0,1,0,0,5,2,0
710,2,0,0,0,0,0,0,1,6274,1,0,1,0,10,0,0
710,3,0,0,0,0,0,0,1,12548,0,1,0,0,5,0,0
715,1,0,0,0,0,0,0,0,,0,1,0,0,5,2,0
715,2,0,0,0,0,0,0,1,6274,1,0,1,0,10,0,0
715,3,0,0,0,0,0,0,1,12548,0,1,0,0,5,0,0
720,1,0,0,0,0,0,0,0,,0,1,0,0,5,2,0
720,2,0,0,0,0,0,0,1,6274,1,0,1,0,10,0,0
720,3,0,0,0,0,0,0,1,12548,0,1,0,0,5,0,0
725,1,0,0,0,0,0,0,0,,0,1,0,0,5,2,0
725,2,0,0,0,0,0,0,1,6274,1,0,1,0,10,0,0
725,3,0,0,0,0,0,0,1,12548,0,1,0,0,5,0,0
730,1,0,0,0,0,0,0,0,,0,1,0,0,5,2,0
730,2,0,0,0,0,0,0,1,6274,1,0,1,0,10,0,0
730,3,0,0,0,0,0,0,1,12548,0,1,0,0,5,0,0
735,1,0,0,0,0,0,0,0,,0,1,0,0,5,2,0
735,2,0,0,0,0,0,0,1,6274,1,0,1,0,10,0,0
735,3,0,0,0,0,0,0,1,12548,0,1,0,0,5,0,0
740,1,0,0,0,0,0,0,0,,0,1,0,0,5,2,0
740,2,0,0,0,0,0,0,1,6274,1,0,1,0,10,0,0
740,3,0,0,0,0,0,0,1,12548,0,1,0,0,5,0,0
745,1,0,0,0,0,0,0,0,,0,1,0,0,5,2,0
745,2,0,0,0,0,0,0,1,6274,1,0,1,0,10,0,0
745,3,0,0,0,0,0,0,1,12548,0,1,0,0,5,0,0
750,1,0,0,0,0,0,0,0,,0,1,0,0,5,2,0
750,2,0,0,0,0,0,0,1,6274,1,0,1,0,10,0,0
750,3,0,0,0,0,0,0,1,12548,0,1,0,0,5,0,0
755,1,0,0,0,0,0,0,0,,0,1,0,0,5,2,0
755,2,0,0,0,0,0,0,1,6274,1,0,1,0,10,0,0
755,3,0,0,0,0,0,0,1,12548,0,1,0,0,5,0,0
760,1,0,0,0,0,0,0,0,,0,1,0,0,5,2,0
760,2,0,0,0,0,0,0,1,6274,1,0,1,0,10,0,0
760,3,0,0,0,0,0,0,1,12548,0,1,0,0,5,0,0
765,1,0,0,0,0,0,0,0,,0,1,0,0,5,2,0
765,2,0,0,0,0,0,0,1,6274,1,0,1,0,10,0,0
765,3,0,0,0,0,0,0,1,12548,0,1,0,0,5,0,0
770,1,0,0,0,0,0,0,0,,0,1,0,0,5,2,0
770,2,0,0,0,0,0,0,1,6274,1,0,1,0,10,0,0
770,3,0,0,0,0,0,0,1,12548,0,1,0,0,5,0,0
775,1,0,0,0,0,0,0,0,,0,1,0,0,5,2,0
775,2,0,0,0,0,0,0,1,6274,1,0,1,0,10,0,0
775,3,0,0,0,0,0,0,1,12548,0,1,0,0,5,0,0
780,1,0,0,0,0,0,0,0,,0,0,0,0,5,2,0
780,2,0,0,0,0,0,0,0,,0,0,1,0,10,0,0
780,3,0,0,0,0,0,0,1,12548,0,1,0,0,5,0,0
785,1,0,0,0,1,0,0,0,,0,1,0,0,5,2,0
785,2,0,0,0,0,5,5,1,6274,1,0,1,0,10,0,0
785,3,0,0,0,0,1,1,1,12548,0,1,0,0,5,0,0
790,1,0,0,0,0,0,0,0,,0,1,0,0,5,2,0
790,2,0,0,0,0,0,0,1,6274,1,0,1,0,10,0,0
790,3,0,0,0,0,0,0,1,12548,0,1,0,0,5,0,0
795,1,0,0,0,0,0,0,0,,0,1,0,0,5,2,0
795,2,0,0,0,0,0,0,1,6274,1,0,1,0,10,0,0
795,3,0,0,0,0,0,0,1,12548,0,1,0,0,5,0,0
800,1,0,0,0,0,0,0,0,,0,1,0,0,5,2,0
800,2,0,0,0,0,0,0,1,6274,1,0,1,0,10,0,0
800,3,0,0,0,0,0,0,1,12548,0,1,0,0,5,0,0
805,1,0,0,0,0,0,0,0,,0,1,0,0,5,2,0
805,2,0,0,0,0,0,0,1,6274,1,0,1,0,10,0,0
805,3,0,0,0,0,0,0,1,12548,0,1,0,0,5,0,0
810,1,0,0,0,0,0,0,0,,0,1,0,0,5,2,0
810,2,0,0,0,0,0,0,1,6274,1,0,1,0,10,0,0
810,3,0,0,0,0,0,0,1,12548,0,1,0,0,5,0,0
815,1,0,0,0,0,0,0,0,,0,1,0,0,5,2,0
815,2,0,0,0,0,0,0,1,6274,1,0,1,0,10,0,0
815,3,0,0,0,0,0,0,1,12548,0,1,0,0,5,0,0
820,1,0,0,0,0,0,0,0,,0,1,0,0,5,2,0
820,2,0,0,0,0,0,0,1,6274,1,0,1,0,10,0,0
820,3,0,0,0,0,0,0,1,12548,0,1,0,0,5,0,0
825,1,0,0,0,0,0,0,0,,0,1,0,0,5,2,0
825,2,0,0,0,0,0,0,1,6274,1,0,1,0,10,0,0
825,3,0,0,0,0,0,0,1,12548,0,1,0,0,5,0,0
830,1,0,0,0,0,0,0,0,,0,1,0,0,5,2,0
830,2,0,0,0,0,0,0,1,6274,1,0,1,0,10,0,0
830,3,0,0,0,0,0,0,1,12548,0,1,0,0,5,0,0
835,1,0,0,0,0,0,0,0,,0,1,0,0,5,2,0
835,2,0,0,0,0,0,0,1,6274,1,0,1,0,10,0,0
835,3,0,0,0,0,0,0,1,12548,0,1,0,0,5,0,0
840,1,0,0,0,0,0,0,0,,0,1,0,0,5,2,0
840,2,0,0,0,0,0,0,1,6274,1,0,1,0,10,0,0
840,3,0,0,0,0,0,0,1,12548,0,1,0,0,5,0,0
845,1,0,0,0,0,0,0,0,,0,1,0,0,5,2,0
845,2,0,0,0,0,0,0,1,6274,1,0,1,0,10,0,0
845,3,0,0,0,0,0,0,1,12548,0,1,0,0,5,0,0
850,1,0,0,0,0,0,0,0,,0,1,0,0,5,2,0
850,2,0,0,0,0,0,0,1,6274,1,0,1,0,10,0,0
850,3,0,0,0,0,0,0,1,12548,0,1,0,0,5,0,0
855,1,0,0,0,0,0,0,0,,0,1,0,0,5,2,0
855,2,0,0,0,0,0,0,1,6274,1,0,1,0,10,0,0
855,3,0,0,0,0,0,0,1,12548,0,1,0,0,5,0,0
860,1,0,0,0,0,0,0,0,,0,1,0,0,5,2,0
860,2,0,0,0,0,0,0,1,6274,1,0,1,0,10,0,0
860,3,0,0,0,0,0,0,1,12548,0,1,0,0,5,0,0
865,1,0,0,0,0,0,0,0,,0,1,0,0,5,2,0
865,2,0,0,0,0,0,0,1,6274,1,0,1,0,10,0,0
865,3,0,0,0,0,0,0,1,12548,0,1,0,0,5,0,0
870,1,0,0,0,0,0,0,0,,0,1,0,0,5,2,0
870,2,0,0,0,0,0,0,1,6274,1,0,1,0,10,0,0
870,3,0,0,0,0,0,0,1,12548,0,1,0,0,5,0,0
875,1,0,0,0,0,0,0,0,,0,1,0,0,5,2,0
875,2,0,0,0,0,0,0,1,6274,1,0,1,0,10,0,0
875,3,0,0,0,0,0,0,1,12548,0,1,0,0,5,0,0
880,1,0,0,0,0,0,0,0,,0,1,0,0,5,2,0
880,2,0,0,0,0,0,0,1,6274,1,0,1,0,10,0,0
880,3,0,0,0,0,0,0,1,12548,0,1,0,0,5,0,0
885,1,0,0,0,0,0,0,0,,0,1,0,0,5,2,0
885,2,0,0,0,0,0,0,1,6274,1,0,1,0,10,0,0
885,3,0,0,0,0,0,0,1,12548,0,1,0,0,5,0,0
890,1,0,0,0,0,0,0,0,,0,1,0,0,5,2,0
890,2,0,0,0,0,0,0,1,6274,1,0,1,0,10,0,0
890,3,0,0,0,0,0,0,1,12548,0,1,0,0,5,0,0
895,1,0,0,0,0,0,0,0,,0,1,0,0,5,2,0
895,2,0,0,0,0,0,0,1,6274,1,0,1,0,10,0,0
895,3,0,0,0,0,0,0,1,12548,0,1,0,0,5,0,0
900,1,0,0,0,0,0,0,0,,0,1,0,0,5,2,0
900,2,0,0,0,0,0,0,1,6274,1,0,1,0,10,0,0
900,3,0,0,0,0,0,0,1,12548,0,1,0,0,5,0,0
